2.6,29.300000000000004,2.6,2.7,2.6,2.5,2.6,2.6,2.7,2.8,2.7,2.7,2.7,2.7,2.5,2.7,2015.9882557021174,0.0,0.0,0.0,0.0,0.0,0.0,0.0,0.0,0.0,0.0,0.0,0.0,0.0,0.0,0.0,1,-1,-1,-1,-1,-1,-1,-1,-1,-1,-1,-1,-1,-1,-1,-1,12999.900000000001,0.0
0.3,3.2000000000000006,52.49999999999999,0.3,0.2,0.20000000000000004,0.3,0.3,0.3,0.3,0.3,0.3,47.1,0.3,0.2,0.3,2009.1936472219977,2107.487825709389,0.0,0.0,0.0,0.0,0.0,0.0,0.0,0.0,0.0,0.0,0.0,0.0,0.0,0.0,12,2,-1,-1,-1,-1,-1,-1,-1,-1,-1,-1,-1,-1,-1,-1,13387.710000000003,0.0
0.3,51.0,2.3,0.3,0.2,49.0,0.19999999999999996,49.0,0.3,0.3,0.3,0.3,0.7,0.3,0.2,0.2,2008.8085646390975,2122.7782170284163,2019.815032075013,0.0,0.0,0.0,0.0,0.0,0.0,0.0,0.0,0.0,0.0,0.0,0.0,0.0,7,1,5,-1,-1,-1,-1,-1,-1,-1,-1,-1,-1,-1,-1,-1,14022.81,0.0
50.70000000000001,2.7,0.3,0.3,0.2,53.7,0.19999999999999996,2.1,96.3,0.3,0.3,48.0,0.3,0.3,0.2,0.2,2018.3049370673625,2191.9659865890007,2000.5239313477678,2010.4347275248613,2188.4100161392143,0.0,0.0,0.0,0.0,0.0,0.0,0.0,0.0,0.0,0.0,0.0,11,0,8,8,5,-1,-1,-1,-1,-1,-1,-1,-1,-1,-1,-1,13764.390000000001,0.0
3.6000000000000005,0.3,45.300000000000004,0.3,0.2,0.8999999999999999,0.19999999999999996,0.2,52.1,0.3,0.3,50.4,0.4,50.3,0.2,0.3,1999.055906165794,0.0,2020.0875846838433,2016.2900583143346,0.0,2021.7704611966296,0.0,0.0,0.0,0.0,0.0,0.0,0.0,0.0,0.0,0.0,11,12,2,8,5,13,-1,-1,-1,-1,-1,-1,-1,-1,-1,-1,13723.380000000001,-31878480552.4644
0.4,0.3,47.7,0.3,0.2,0.20000000000000004,0.19999999999999996,0.2,54.29999999999999,0.3,0.3,3.6999999999999997,47.4,49.5,0.3,0.3,0.0,2141.439332658451,0.0,2030.3185589033112,0.0,0.0,0.0,0.0,0.0,0.0,0.0,0.0,0.0,0.0,0.0,0.0,11,8,2,12,-1,13,-1,-1,-1,-1,-1,-1,-1,-1,-1,-1,13367.940000000002,696.6429306666665
0.2,0.3,0.2,0.3,0.2,0.20000000000000004,0.19999999999999996,0.3,1.7999999999999998,0.3,52.20000000000001,53.29999999999999,48.9,0.3,0.2,0.3,2122.4851509883024,2118.196012593442,0.0,0.0,0.0,0.0,0.0,0.0,0.0,0.0,0.0,0.0,0.0,0.0,0.0,0.0,11,10,-1,12,-1,-1,-1,-1,-1,-1,-1,-1,-1,-1,-1,-1,13115.310000000001,591.396535
0.3,0.3,50.8,0.3,0.2,0.20000000000000004,0.19999999999999996,0.3,0.3,0.3,1.4999999999999998,10.1,0.3,0.3,53.0,0.2,0.0,2117.6838878519516,0.0,0.0,0.0,0.0,0.0,0.0,0.0,0.0,0.0,0.0,0.0,0.0,0.0,0.0,11,2,14,-1,-1,-1,-1,-1,-1,-1,-1,-1,-1,-1,-1,-1,13624.53,171.491017
95.60000000000001,0.3,1.6999999999999997,0.3,0.2,0.20000000000000004,0.19999999999999996,0.2,0.3,0.3,0.3,0.3,0.3,0.3,50.2,50.39999999999999,2018.5065588844436,1981.0425583266815,2022.7564519943314,1921.0332408996244,0.0,0.0,0.0,0.0,0.0,0.0,0.0,0.0,0.0,0.0,0.0,0.0,15,0,14,0,-1,-1,-1,-1,-1,-1,-1,-1,-1,-1,-1,-1,13439.25,0.0
7.3,0.3,0.2,45.3,0.2,0.20000000000000004,0.19999999999999996,0.2,0.20000000000000004,0.3,0.3,49.8,0.3,0.3,50.3,1.5,2010.783538924456,0.0,2012.7187865537383,0.0,2014.5714206659843,0.0,0.0,0.0,0.0,0.0,0.0,0.0,0.0,0.0,0.0,0.0,3,0,14,0,11,-1,-1,-1,-1,-1,-1,-1,-1,-1,-1,-1,13500.420000000002,459.08795250000003
0.3,0.3,0.2,50.4,0.2,48.4,0.19999999999999996,73.7,0.3,0.3,0.3,9.4,0.3,0.3,3.3000000000000003,0.3,2022.303243724756,2017.4637323048314,1996.1931253087728,0.0,2002.6495634739579,0.0,0.0,0.0,0.0,0.0,0.0,0.0,0.0,0.0,0.0,0.0,3,5,7,-1,7,-1,-1,-1,-1,-1,-1,-1,-1,-1,-1,-1,13973.400000000001,0.0
45.60000000000001,0.3,0.2,3.5999999999999996,0.2,50.29999999999999,0.19999999999999996,56.8,0.3,35.7,0.3,0.3,53.7,0.3,0.2,0.3,2017.974285690848,2027.7373129979585,2006.859884969282,2142.572614107952,2017.9877336377606,0.0,0.0,0.0,0.0,0.0,0.0,0.0,0.0,0.0,0.0,0.0,0,5,9,12,7,-1,-1,-1,-1,-1,-1,-1,-1,-1,-1,-1,14330.34,0.0
42.9,0.3,0.2,0.3,0.2,50.29999999999999,0.19999999999999996,98.6,0.3,8.7,0.3,0.3,0.9999999999999999,0.3,36.4,53.1,0.0,2011.397032830808,2009.0625717380635,2126.853995809077,1836.8223330987146,1211.9616415606981,980.9858758620979,0.0,0.0,0.0,0.0,0.0,0.0,0.0,0.0,0.0,0,5,14,15,7,7,7,-1,-1,-1,-1,-1,-1,-1,-1,-1,14748.03,853.251904
0.3,40.4,70.5,44.4,0.2,52.2,0.19999999999999996,13.600000000000001,0.3,32.8,0.3,46.8,0.3,0.3,47.9,6.0,2010.3179993885717,2028.279943780272,2003.3773315450921,2226.7122902937517,1999.1741505480093,2224.658555320706,2185.6749219920175,2180.7304746710115,0.0,0.0,0.0,0.0,0.0,0.0,0.0,0.0,1,9,2,3,2,11,14,5,-1,-1,-1,-1,-1,-1,-1,-1,15039.510000000002,0.0
0.2,96.9,93.6,18.5,0.2,8.7,0.3,52.2,52.7,81.90000000000002,0.3,15.400000000000002,0.3,0.3,5.7,0.3,2009.1585013025074,2011.4697064981274,1995.124281602309,0.0,2006.7907002192674,0.0,0.0,0.0,2001.9615261216272,2166.6134344748652,0.0,1986.862139851355,0.0,0.0,0.0,0.0,1,9,2,3,9,11,14,5,1,8,7,2,-1,-1,-1,-1,14734.380000000001,337.017969
29.39999999999999,14.699999999999996,12.5,0.4,50.7,0.20000000000000004,0.19999999999999996,0.3,2.3,96.00000000000001,45.4,0.3,0.3,46.5,0.3,77.10000000000001,0.0,1999.3634761442456,2018.3038928163876,2004.3775218839482,1971.3387879460438,2000.4664148955528,0.0,0.0,2039.6772169363744,2181.492857194308,0.0,2000.2612982905086,0.0,0.0,0.0,0.0,1,15,0,10,9,9,-1,-1,13,4,-1,15,-1,-1,-1,-1,14532.78,39.22170599999998
50.5,46.1,0.3,0.4,2.1,0.20000000000000004,0.19999999999999996,29.4,0.3,40.7,50.4,0.3,46.7,2.6,0.2,66.7,2011.611800725046,1998.7909414360654,2003.706810177602,2007.4689239371678,2008.532373854966,0.0,0.0,0.0,2009.0894810485383,0.0,0.0,0.0,0.0,0.0,0.0,0.0,1,15,0,10,7,9,-1,-1,12,14,-1,15,-1,-1,-1,-1,14117.61,-21252321567.691853
8.3,79.7,0.3,32.5,0.3,0.20000000000000004,0.19999999999999996,9.400000000000002,0.3,0.3,53.7,0.3,0.9999999999999999,49.7,47.29999999999999,1.7000000000000002,1284.1990328562902,2018.120035035815,1280.8902199348904,1461.8301007054997,2020.3393863326894,2018.8368486291286,0.0,0.0,2026.8242421754715,0.0,0.0,0.0,0.0,0.0,0.0,0.0,1,14,1,1,3,10,-1,-1,13,-1,-1,-1,-1,-1,-1,-1,14851.71,0.0
0.2,96.3,0.3,50.5,0.3,0.20000000000000004,0.3,0.3,49.1,32.1,50.4,0.3,0.3,47.7,50.4,0.3,1990.9313702735726,2006.2408379599024,2017.4750870128796,1965.9100095174106,2028.5488136390723,2014.341121930174,2015.7143661410094,0.0,0.0,0.0,0.0,0.0,0.0,0.0,0.0,0.0,1,14,9,1,3,10,8,-1,13,-1,-1,-1,-1,-1,-1,-1,14791.32,1183.355859
0.2,100.0,29.099999999999998,50.5,42.1,0.20000000000000004,0.3,0.4,50.4,12.3,8.200000000000001,0.3,0.3,0.3,3.2,50.5,1999.8543215470118,2028.0574332085569,2008.6147176722284,2010.033093686595,2002.713381528295,0.0,2005.4067986691205,2014.3855820844701,0.0,0.0,0.0,0.0,0.0,0.0,0.0,0.0,1,4,2,1,3,10,8,15,-1,-1,-1,-1,-1,-1,-1,-1,15030.54,31.85636599999998
0.3,55.00000000000001,50.4,98.00000000000001,50.6,0.30000000000000004,0.3,0.4,50.4,0.3,0.3,0.3,43.99999999999999,0.3,0.2,50.5,2029.346305346898,2015.3541108825725,2022.4867810011365,2017.612704745254,1935.5238907531352,1992.5071740150365,2013.8506902624797,2022.6213266725185,0.0,0.0,0.0,0.0,0.0,0.0,0.0,0.0,1,4,2,12,3,3,8,15,-1,-1,-1,-1,-1,-1,-1,-1,15057.9,0.0
29.600000000000005,50.4,56.39999999999999,52.79999999999999,50.6,0.30000000000000004,0.3,0.4,50.4,0.3,0.3,0.2,46.599999999999994,0.3,74.99999999999999,5.499999999999999,2028.6705091822557,2012.6120385158408,2013.8765387566414,1979.0088720434876,2018.1428376570996,2196.7456456507143,2003.8881312651251,2028.7117598709074,1981.1375913785712,0.0,0.0,0.0,0.0,0.0,0.0,0.0,1,4,0,14,3,2,8,12,14,-1,-1,-1,-1,-1,-1,-1,14945.279999999999,0.0
50.5,16.1,56.89999999999999,8.699999999999998,50.6,37.1,0.3999999999999999,0.3,50.4,0.3,0.3,0.3,96.50000000000001,0.3,6.5,0.4,0.0,2002.8031858557943,2008.354832495279,2013.6447265916825,2004.6866279385836,0.0,2011.001050939739,2016.095366739186,0.0,2098.6841121136026,0.0,0.0,0.0,0.0,0.0,0.0,1,4,0,12,5,2,8,12,14,2,-1,-1,-1,-1,-1,-1,14487.66,134.81517866666667
9.899999999999999,30.3,1.6,0.4,10.8,50.4,0.3999999999999999,0.4,48.3,52.599999999999994,32.4,34.199999999999996,56.89999999999999,0.3,0.2,0.4,2127.0062303576306,2021.826632599837,1996.8434697205012,2017.0822040912403,2014.6229811996718,0.0,0.0,2012.2454406805482,0.0,0.0,0.0,0.0,0.0,0.0,0.0,0.0,9,1,11,12,5,-1,8,10,-1,2,-1,-1,-1,-1,-1,-1,14457.54,137.9926595
0.2,50.4,0.3,33.199999999999996,0.2,50.4,0.3,0.4,0.3,17.9,50.4,43.7,9.6,50.2,0.2,0.4,0.0,2009.2087883826027,2023.4407658842974,2024.6889100405135,1998.2111128577492,2011.4701207056175,0.0,2012.3524380390422,0.0,0.0,0.0,0.0,0.0,0.0,0.0,0.0,9,1,3,11,5,13,-1,10,-1,-1,-1,-1,-1,-1,-1,-1,14598.689999999999,89.24397099999999
0.2,8.999999999999998,0.2,50.4,83.2,50.4,46.6,0.2,0.20000000000000004,0.3,50.4,50.6,0.3,1.3,0.2,0.4,2008.9223754865495,2011.277129860835,2004.114012798291,2027.7301229853706,2014.641015303311,2009.0720503649056,0.0,2013.9121891210868,0.0,0.0,0.0,0.0,0.0,0.0,0.0,0.0,4,4,3,11,5,6,-1,10,-1,-1,-1,-1,-1,-1,-1,-1,14817.42,0.0
0.2,31.0,31.1,11.7,100.0,8.0,2.5,47.3,0.3,81.8,50.4,9.900000000000002,0.2,0.3,0.2,0.3,2013.3770278055931,2000.8177891114549,2016.23363720738,2031.5597794063804,2011.8309561576962,2006.7282916920258,1982.2738233801233,2026.1607157440276,0.0,0.0,0.0,0.0,0.0,0.0,0.0,0.0,4,4,2,1,9,7,9,10,-1,-1,-1,-1,-1,-1,-1,-1,15014.970000000001,0.0
0.2,49.50000000000001,51.0,0.3,53.2,29.9,45.6,43.0,0.20000000000000004,72.3,5.3,0.4,44.9,0.2,0.2,0.3,2017.325853820088,2008.7483887805035,2012.3770273078285,2017.3341168440536,2028.5989975136392,0.0,0.0,2033.6689100148876,2026.236283631573,0.0,0.0,0.0,0.0,0.0,0.0,0.0,4,2,12,5,9,7,9,1,6,-1,-1,-1,-1,-1,-1,-1,15338.939999999999,487.2906105
29.9,5.499999999999999,50.4,46.9,50.5,9.2,50.8,0.3,0.3,50.3,44.5,47.699999999999996,1.3,45.7,0.2,0.3,2022.7588721919865,2009.0621181831348,2013.2058998532698,2018.0973171497553,2029.3311504584763,2011.5052133309268,2008.493803256567,2020.1088194749834,2007.9780157693647,0.0,0.0,0.0,0.0,0.0,0.0,0.0,4,2,3,0,9,6,11,13,10,-1,-1,-1,-1,-1,-1,-1,15429.689999999999,0.0
62.2,45.3,50.4,53.49999999999999,13.0,0.20000000000000004,2.8,36.10000000000001,0.20000000000000004,11.3,58.8,64.9,0.2,75.2,0.2,0.3,1995.9769051253156,1988.1290865741516,2018.2437716173545,2018.238016688631,2006.6454783238808,2024.5077845668595,2015.4927615818285,2018.209124482269,1977.328941677546,1977.2462869683814,1985.976628490051,0.0,0.0,0.0,0.0,0.0,11,2,7,10,0,3,1,13,13,0,11,-1,-1,-1,-1,-1,16801.41,0.0
54.599999999999994,5.0,50.3,50.4,0.2,0.20000000000000004,0.19999999999999996,95.3,50.5,0.3,51.300000000000004,100.0,95.89999999999999,99.99999999999999,0.2,0.3,2003.2818789228963,2015.851955107413,2003.447962460181,1995.5456356970076,2014.2825440385752,2009.4665141207324,2003.1100344614263,2019.5572598426145,1985.1075524844439,2124.2858231952587,1988.970373674284,2019.609256037751,2016.4272318563442,0.0,0.0,0.0,11,2,7,12,0,3,7,13,13,8,11,10,12,-1,-1,-1,15910.02,0.0
50.5,32.8,75.70000000000002,3.8999999999999995,0.2,0.20000000000000004,59.3,15.0,11.600000000000001,0.3,50.0,62.5,9.1,99.99999999999999,44.800000000000004,35.3,2032.8006193104777,2011.0331126858828,2018.7245028575708,1996.9740770780766,2025.1850714795394,0.0,1996.3854398375615,2002.6991685023488,2005.6498752935536,0.0,2019.7222185714816,0.0,2016.5339442997843,2004.1008742270412,0.0,0.0,11,6,15,1,0,15,6,13,13,9,2,10,14,2,-1,-1,15557.04,-42504646609.28567
50.5,4.499999999999999,61.39999999999999,0.2,35.0,81.9,19.6,29.099999999999998,71.2,36.3,48.300000000000004,4.9,0.3,17.8,46.5,9.1,1481.4428775457957,1996.3017161315595,1624.8190541953475,2022.137910934961,2014.813107382663,2272.862926255734,2020.7510788626032,1303.569360319749,2023.9894054676095,0.0,2017.052756595973,0.0,2011.2863404063107,2001.6099032118539,0.0,0.0,8,5,8,10,0,9,14,8,7,-1,2,-1,4,5,-1,-1,15936.689999999999,0.0
50.5,0.3,9.2,0.2,50.4,95.6,0.19999999999999996,50.3,99.99999999999999,29.500000000000004,50.4,0.2,0.3,0.2,96.0,0.2,1457.622520809734,2018.3492952414163,1232.3465756239486,2029.3322663989406,2012.7231419476664,0.0,0.0,1361.93429857107,2006.2999536266348,2008.505798634703,0.0,0.0,2024.8904427246132,0.0,0.0,0.0,8,5,8,10,0,9,14,8,7,14,2,-1,4,5,-1,-1,14842.59,628.0999139999999
12.400000000000002,0.3,0.2,29.800000000000004,0.2,50.29999999999999,0.19999999999999996,50.4,99.99999999999999,0.3,10.500000000000002,0.2,34.5,0.3,32.5,50.3,1328.788849987704,2004.6980068136481,1552.6514385031687,2008.4840153888094,2008.6604012527555,2022.6457054048294,0.0,1135.6018456078934,2002.743273067412,0.0,0.0,0.0,0.0,0.0,0.0,0.0,8,5,8,3,12,15,-1,8,7,14,-1,-1,4,-1,-1,-1,14397.63,376.22313500000007
51.0,32.4,0.2,50.5,34.5,10.599999999999998,0.19999999999999996,23.7,39.7,0.3,0.3,0.3,50.4,0.2,0.2,8.6,1384.3370809461828,1523.7000328750594,1752.2485059851633,2008.984487780343,2039.9094727942645,2012.2016547101762,992.255062897908,1653.585539419091,1494.023407997321,0.0,0.0,0.0,0.0,0.0,0.0,0.0,4,0,0,3,12,1,0,4,4,-1,-1,-1,-1,-1,-1,-1,15284.67,0.0
100.0,96.1,0.2,50.5,99.19999999999999,0.20000000000000004,0.19999999999999996,0.2,0.3,0.3,0.3,0.3,50.4,45.7,0.2,0.2,2005.8863362414465,1359.4706983459844,1142.947936160461,2002.1233053385918,2012.7020692308988,2003.2928834796687,1256.265228368493,1999.9302765590319,2007.3372216887158,2013.437520563747,0.0,0.0,0.0,0.0,0.0,0.0,4,0,0,3,12,1,0,4,13,1,-1,-1,-1,-1,-1,-1,15397.77,0.0
66.3,52.70000000000002,29.9,50.6,100.0,0.20000000000000004,0.19999999999999996,0.2,0.20000000000000004,0.3,0.3,0.3,50.4,53.6,0.2,80.0,1987.7108908434484,2013.5743988815393,2017.1253717056438,2014.1116134401743,2003.2218107816964,2027.8353645024354,0.0,2013.0295186567773,1971.626923485529,2042.0011404053535,1995.515755524517,0.0,0.0,0.0,0.0,0.0,4,0,2,3,12,13,0,4,15,15,1,-1,-1,-1,-1,-1,16540.98,102.16924
50.5,50.4,50.3,50.5,100.0,0.20000000000000004,0.19999999999999996,0.2,0.20000000000000004,0.3,52.0,0.2,50.4,98.8,0.2,100.0,991.6672112570569,2012.8060279272797,2013.301398988975,2013.0812447103858,2018.3989381764104,2035.3593575347645,2020.9342160547096,1002.1227063594437,1994.2665761930482,2142.656793791915,2021.8329973639966,996.1736133136264,984.6355917578637,2003.9670180888213,0.0,0.0,4,0,2,3,12,13,15,4,15,10,1,4,4,13,-1,-1,15767.46,0.0
86.1,1.1000000000000003,72.00000000000001,9.0,59.9,0.20000000000000004,0.19999999999999996,29.300000000000004,0.20000000000000004,0.3,8.5,36.2,32.1,99.99999999999999,43.1,92.2,2029.6315822116997,2004.4085853557426,1977.0121090066052,2021.9884944042203,0.0,2014.6343958615253,0.0,2011.3790214880219,2029.8548776808832,0.0,0.0,2029.506912440524,2008.2714477089187,2007.688753807691,2012.5354417119247,0.0,7,0,2,14,12,13,15,2,15,10,1,11,4,13,0,-1,16235.67,922.9650815
47.2,0.3,100.0,0.2,3.7999999999999994,0.20000000000000004,0.19999999999999996,95.9,0.20000000000000004,0.3,29.300000000000004,50.4,0.3,97.5,99.49999999999999,50.39999999999999,1967.550042612231,0.0,2005.1186741571948,1429.4334376050826,1155.1371803262498,1999.0506811902058,2016.4607939792415,1990.4890115665935,1998.1885845834047,0.0,0.0,2029.8744393623763,2003.3893403148602,2022.4669440781095,1418.268414276767,0.0,7,0,2,14,14,13,13,2,15,-1,-1,11,7,10,14,-1,16798.32,3249.870613
43.7,45.599999999999994,62.6,88.1,0.2,28.4,70.9,95.1,0.20000000000000004,33.10000000000001,12.7,3.8,0.3,99.99999999999999,98.2,8.399999999999999,2028.1941659651427,1988.2041965018996,2002.7241405673456,1963.576418659915,1997.7165919802446,2020.1786127165653,2013.3363356367665,2027.2934434684296,2029.3856123319063,2015.412117807283,2204.3272456904756,2019.5120540057871,0.0,2027.8803790778297,1978.534526500772,0.0,7,14,6,14,3,13,13,2,9,6,1,0,7,5,3,-1,17053.23,563.788159
6.800000000000001,50.3,50.3,9.4,44.2,94.6,100.0,2.5,36.3,98.0,0.3,0.3,0.3,96.09999999999998,6.7,96.9,2000.4836211989107,0.0,1995.88698107068,2000.7085407842085,2053.063848096511,0.0,2014.1024215649481,1994.5955292641986,2005.0560085104644,2014.0470189428809,2013.0962068277993,2002.2359578517683,2022.2555596747186,1991.460259342809,2027.7061893039165,0.0,9,14,6,8,15,13,13,2,9,6,15,5,1,5,4,-1,16409.46,421.745532
0.2,50.4,50.4,0.3,41.6,88.5,100.0,0.3,97.3,100.0,0.3,0.3,0.3,50.4,0.3,20.9,2025.3153925497088,2015.5758918063718,2005.0687224798953,2006.2934763629364,0.0,0.0,2021.2264847388037,2016.9922853032288,1982.9062263295252,1992.9623178217228,0.0,0.0,2023.722304286721,2014.692625357922,0.0,0.0,9,8,6,8,15,-1,13,2,9,6,15,5,1,5,4,-1,15784.29,809.72608425
0.2,50.5,25.6,0.3,0.2,96.2,59.599999999999994,0.2,99.99999999999999,100.0,0.3,0.3,0.3,50.5,0.3,35.099999999999994,1955.7504575233806,2013.1965129194994,2014.5437607925185,1982.9094382673875,2015.0365003150143,0.0,2017.1017050641062,0.0,2026.3871380817081,1978.5991439713848,0.0,0.0,2003.6025583636551,1978.08860916541,0.0,0.0,9,8,15,8,5,-1,13,2,9,6,-1,-1,1,5,-1,-1,15178.62,2237.66134
32.8,69.9,39.5,0.3,0.2,54.900000000000006,8.199999999999998,0.2,18.9,54.7,57.8,35.2,0.3,45.3,0.2,21.7,2028.3899789939364,0.0,1995.1262642032882,2007.8603489521838,0.0,2022.0194017722085,2001.9377471935431,0.0,2001.1396554632897,2032.3330356203044,0.0,0.0,1994.952050690801,2012.7018506964973,0.0,0.0,9,8,10,11,5,0,10,-1,2,13,-1,-1,1,1,-1,-1,15890.61,127.19752650000001
4.3999999999999995,100.0,50.4,0.2,45.9,0.20000000000000004,41.10000000000001,0.2,0.20000000000000004,56.699999999999996,100.0,50.4,0.3,50.4,0.2,0.3,2017.3430582970852,2151.241034545275,2006.280216838105,2018.306018910846,0.0,2018.851948030296,2010.4992997029133,0.0,2008.0936000026807,1998.2964847666976,0.0,0.0,1935.863130529057,2005.587371622789,0.0,0.0,6,9,10,11,-1,4,10,-1,2,13,-1,-1,1,1,-1,-1,15768.779999999999,0.0
0.2,53.7,10.900000000000002,50.1,91.1,31.3,80.80000000000001,0.2,0.20000000000000004,2.7,100.0,50.4,0.3,9.500000000000002,0.2,53.0,2013.3484402054817,2119.3330980104,2001.4613753343717,2015.7137486686756,2117.9910503620886,0.0,2000.3166232617032,0.0,2007.3694743884585,1996.2998897512616,0.0,0.0,2024.8886182650367,2006.074174962312,0.0,0.0,6,3,10,11,15,4,10,-1,5,6,-1,-1,4,1,-1,-1,16229.22,563.66278
0.2,7.3999999999999995,0.2,14.099999999999998,50.5,97.09999999999998,100.0,51.1,43.5,0.4,100.0,50.5,49.8,0.3,0.2,0.8,2005.0498512257668,0.0,2006.857158256757,2016.0246588010666,2192.575826100862,1998.0641268163297,2020.7677760204544,2023.728876653588,1983.4306627234473,2016.8895940578823,0.0,0.0,2022.7702014278536,2028.5218258109433,0.0,0.0,6,3,10,11,7,12,10,5,5,6,-1,-1,4,8,-1,-1,15668.22,359.39281700000004
0.2,0.3,43.8,0.4,50.5,53.0,100.0,0.6,50.7,0.4,53.0,6.2,1.6,0.3,46.6,88.69999999999999,1989.3057346980086,1982.1687202019873,2016.118385258935,2000.6166825900998,0.0,2027.7270494027186,2009.7208253690792,0.0,2007.9947291391634,2011.7821394634348,0.0,0.0,2009.5360702305916,2013.3782627493915,0.0,0.0,6,15,14,15,8,2,10,5,5,6,-1,-1,4,8,-1,-1,16572.15,-31878488067.67875
0.2,0.20000000000000004,43.3,0.3,50.5,50.29999999999999,100.0,37.4,50.5,0.4,98.4,52.300000000000004,0.3,0.3,98.5,16.799999999999997,2014.4044665056863,0.0,2022.8095017417072,2007.668529456601,0.0,0.0,2010.0666039365753,2122.0988160176007,2012.676659101323,2016.728890023899,2019.7635851657249,0.0,2028.3716006927314,1999.060862505427,0.0,0.0,6,15,14,7,14,2,10,11,5,6,10,-1,4,8,-1,-1,14860.77,301.47626199999996
0.2,27.3,0.2,49.2,50.5,80.6,20.100000000000005,9.7,10.4,24.800000000000004,68.5,7.9,0.3,0.3,50.3,0.3,2007.2846241991472,2021.680085028762,2018.5333777940166,2005.4697093754685,0.0,0.0,0.0,0.0,2004.4612886435746,1990.5279830723978,2022.4468501281233,0.0,2021.9757888809297,2015.0385372358921,0.0,0.0,9,1,14,3,-1,-1,10,11,5,3,10,-1,4,5,-1,-1,14564.67,204.716172
18.2,50.4,0.2,24.9,21.6,23.6,29.9,0.2,0.20000000000000004,15.2,1.8000000000000003,0.3,26.299999999999997,34.2,50.3,48.6,2029.4603558933877,2031.7909599762852,2017.616999318861,2022.8335971373629,2202.0296920627598,0.0,0.0,0.0,0.0,2011.113985558476,2022.645473725281,0.0,0.0,2002.1353820016739,0.0,0.0,12,1,14,0,6,-1,-1,-1,5,4,15,-1,12,13,-1,-1,15293.34,-31878487150.509705
50.5,3.8,0.2,0.3,97.1,0.20000000000000004,2.1999999999999997,51.4,37.6,46.8,33.4,0.2,9.700000000000001,50.4,6.3,49.3,1999.0752796704119,2012.2201880558437,2010.6489037671265,2010.0818472765607,1991.5904867619206,2207.177718389853,0.0,0.0,0.0,2006.2000961611318,0.0,0.0,0.0,2023.047572574671,0.0,0.0,10,9,8,0,4,7,-1,-1,-1,4,15,-1,-1,13,-1,-1,14746.98,593.114156
17.899999999999995,0.3,0.2,0.2,45.800000000000004,28.000000000000004,0.19999999999999996,0.6,49.3,50.3,10.900000000000002,26.199999999999996,45.0,54.800000000000004,31.800000000000004,0.3,2017.6806731193292,2028.5707958149333,2027.8477156909812,2031.5959233240533,2227.149681523477,0.0,2017.5750285058589,0.0,0.0,2015.7925894987516,0.0,0.0,0.0,2010.7131931536112,0.0,0.0,14,9,5,11,13,7,4,-1,-1,8,-1,-1,-1,12,-1,-1,14947.169999999998,-14.475764000000026
86.1,0.3,29.2,45.3,3.5000000000000004,50.29999999999999,0.19999999999999996,36.4,50.5,11.7,0.2,50.4,1.9,10.8,6.4,0.3,1998.6765268338922,2004.4889041110373,2022.5541950253637,2027.6452706104621,0.0,2013.6672980901444,2012.856814099451,0.0,0.0,2003.8922192582531,0.0,0.0,0.0,2003.4393270334642,0.0,0.0,7,2,5,11,13,0,0,-1,-1,8,-1,-1,-1,3,-1,-1,15251.34,635.846387
89.7,0.3,10.0,50.5,0.2,50.4,0.19999999999999996,50.5,50.60000000000001,35.6,0.3,50.4,50.2,0.3,0.2,0.3,2014.5136286646066,2021.5197504683483,2004.5938528187392,2019.530560974451,2018.017819134294,0.0,0.0,0.0,0.0,2011.5106914242142,0.0,0.0,0.0,2017.1048610735702,0.0,0.0,7,9,5,11,12,0,0,-1,-1,8,-1,-1,-1,3,-1,-1,15369.75,417.0163005
0.2,0.3,0.2,50.5,0.2,97.7,51.49999999999999,9.800000000000002,50.60000000000001,50.3,0.3,50.4,1.7999999999999998,47.99999999999999,33.3,0.3,2005.9996109803762,2011.8111591965865,1987.0176205978446,2009.8010701388623,2021.979210986575,0.0,1986.2862071173704,0.0,0.0,2021.9509373682677,0.0,0.0,0.0,2011.9431369829147,0.0,0.0,14,9,5,11,13,6,5,-1,-1,8,-1,-1,-1,3,-1,-1,15392.1,299.020796
44.6,0.3,0.2,50.7,0.2,53.29999999999999,0.19999999999999996,0.2,50.60000000000001,95.7,0.2,50.4,0.3,1.7999999999999998,50.3,45.6,2004.344503929662,2030.7371276229956,2008.0850504635393,2017.4755398469963,2020.4320678700126,2028.6842943998427,2015.7750442979525,0.0,0.0,2008.7086647069466,0.0,0.0,0.0,2018.1225047042922,0.0,0.0,14,9,5,11,0,3,9,-1,-1,8,-1,-1,-1,15,-1,-1,15145.95,0.0
40.7,62.8,0.2,20.5,31.3,21.0,33.6,0.2,9.6,100.0,36.7,10.0,0.3,0.3,6.200000000000001,41.099999999999994,1977.1934581300045,2033.668480983653,0.0,1997.6180251469693,0.0,1998.4363172538076,2022.68093481296,2019.0379955056858,0.0,2025.0480942841582,0.0,0.0,0.0,2019.1560090455723,0.0,0.0,1,9,5,4,0,1,9,15,-1,6,-1,-1,-1,10,-1,-1,14981.670000000002,4223.4194435
0.2,100.0,0.2,0.4,10.300000000000002,73.2,7.7,32.1,41.5,13.000000000000004,50.4,29.599999999999998,0.3,0.3,0.2,50.5,1999.8204041156687,2017.7245149436192,2014.0314924187321,2009.5919825184612,0.0,2015.8799496779538,2016.3074859748592,2022.4805521350704,0.0,2013.0161548554452,0.0,0.0,0.0,2017.5374177045874,0.0,0.0,1,11,5,7,-1,1,8,15,-1,5,-1,-1,-1,10,-1,-1,14885.189999999999,0.0
0.2,12.0,44.99999999999999,0.2,78.2,15.4,0.19999999999999996,96.09999999999998,2.5,31.600000000000005,6.999999999999999,50.4,0.3,44.9,0.3,11.9,2010.5871570712663,2022.6091631764073,1354.4856133837989,1294.9363584315665,1178.9579185681196,2007.5995096193312,2014.0689836030435,0.0,0.0,2017.9481725230726,0.0,0.0,0.0,2019.0022503006867,0.0,0.0,13,11,7,7,7,2,4,15,-1,9,-1,-1,-1,4,-1,-1,16112.580000000002,42.115814
0.2,42.70000000000001,6.3,0.2,95.90000000000002,0.20000000000000004,0.19999999999999996,100.0,49.2,50.3,0.2,98.7,0.3,99.9,0.2,0.3,2019.4422431344362,1923.4552206678036,2004.9433890548771,2025.3564623348514,1977.382277317965,2000.1670335853655,0.0,1995.6142459986563,2025.4014834456343,2005.5276443390944,0.0,0.0,0.0,1992.4116351996572,0.0,0.0,13,11,7,7,11,1,4,13,8,9,-1,-1,-1,4,-1,-1,15557.28,1169.814228
40.5,50.4,0.2,0.2,50.6,0.20000000000000004,0.19999999999999996,12.6,82.4,94.1,40.699999999999996,12.3,0.2,51.70000000000001,48.0,0.2,2021.6192730388907,2002.9912424764157,2023.5972803543896,2000.1136471315697,0.0,2008.8193430181072,1982.628127564621,2004.6843559882054,2019.9063262030113,2004.2943296902567,0.0,0.0,0.0,2018.4360766241523,0.0,0.0,13,9,8,8,11,1,9,14,10,0,-1,-1,-1,4,-1,-1,15630.84,330.912985
50.5,5.3,0.2,0.2,11.2,30.100000000000005,0.19999999999999996,76.9,11.8,100.0,50.4,44.800000000000004,0.2,50.4,81.89999999999999,0.3,2010.4366589662275,2010.5578871611717,2020.4878796392504,2013.6852065030516,2027.778538389865,1992.997370901133,2013.7521827811643,0.0,2020.0394438373987,2017.1048811120177,0.0,0.0,0.0,2015.9658600726148,0.0,0.0,13,9,11,7,14,7,9,14,10,0,-1,-1,-1,5,-1,-1,16171.41,501.656378
50.5,0.3,0.2,0.2,43.89999999999999,50.29999999999999,0.19999999999999996,97.6,51.5,53.1,50.4,50.4,0.3,50.4,50.4,0.2,2004.1829000500002,2022.4465388640954,2006.7660309476173,2008.2903265556579,2029.8771160784477,0.0,2008.2457945586734,2127.0081875210853,2011.668531903697,2006.9798189900682,0.0,0.0,0.0,2007.1080128585663,0.0,0.0,13,9,11,7,14,7,4,8,10,0,-1,-1,-1,5,-1,-1,15663.27,1481.650853
50.5,0.3,0.2,0.2,91.4,50.29999999999999,0.19999999999999996,50.5,11.099999999999998,50.4,98.9,4.0,0.2,37.1,50.3,0.3,0.0,2021.8777067039844,0.0,2008.2223984002976,2010.8313777974442,2201.9672425998265,0.0,0.0,2004.7274696522954,2010.8280576638574,1997.174787608021,0.0,0.0,2027.0637761826665,0.0,0.0,13,9,11,7,14,4,4,8,10,0,10,-1,-1,5,-1,-1,14687.34,1477.9188455
50.5,0.20000000000000004,0.2,0.2,3.2,7.3,32.4,50.5,36.89999999999999,50.3,100.0,0.3,0.2,0.3,8.0,0.2,1587.3126523045162,2018.3589403367546,0.0,2018.0942924009703,2024.0220687586136,0.0,0.0,0.0,1140.8386396512685,2006.9250969618276,1466.4448104942783,0.0,0.0,2015.8706597972218,0.0,0.0,10,9,-1,7,6,4,-1,-1,10,0,10,-1,-1,8,-1,-1,13969.44,-0.6153219999999919
4.3,0.3,23.6,0.2,0.2,0.20000000000000004,9.0,61.10000000000001,39.5,45.4,27.1,0.3,0.3,0.3,48.900000000000006,0.3,1539.4402316391697,1993.2375889933205,2004.1482890934565,1332.0889931660784,2029.8108391038922,0.0,0.0,0.0,2009.3246813659869,0.0,1211.1601524807636,0.0,0.0,2012.7476453404533,0.0,0.0,7,2,2,7,8,-1,-1,-1,9,5,7,-1,-1,14,-1,-1,15088.470000000001,-63756979869.87668
0.2,49.0,89.7,0.2,0.2,0.20000000000000004,0.19999999999999996,83.39999999999999,50.5,50.3,0.3,81.19999999999999,0.2,0.3,50.3,0.2,2024.5658289349408,2008.5499628362597,0.0,0.0,2008.5203324666686,2117.296158519242,2010.5925957511106,0.0,2007.5925812770406,0.0,2006.4749313893233,0.0,0.0,2018.9771964534268,0.0,0.0,7,2,2,7,8,1,11,-1,9,-1,11,-1,-1,14,-1,-1,15515.25,3978.724609
0.2,4.400000000000001,50.4,0.2,49.7,0.20000000000000004,39.5,50.5,50.60000000000001,11.2,0.2,100.0,49.9,0.3,4.5,32.0,2017.4616624479615,2014.5445950500941,2021.0051693110604,0.0,2015.9498417893535,2190.6334522969687,2003.9928243999725,0.0,2014.5593296581737,0.0,1987.3469499437167,0.0,0.0,2018.2991817234774,0.0,0.0,7,2,12,-1,8,4,11,-1,15,-1,11,-1,-1,6,-1,-1,14959.47,0.0
0.2,43.1,11.6,0.2,2.3,0.20000000000000004,40.20000000000001,3.2,50.7,0.2,90.2,4.3,4.099999999999999,34.099999999999994,45.6,50.39999999999999,1994.3439593936855,2010.5974647127068,2028.1552234179635,1998.3896124808398,1997.8223146919001,0.0,0.0,0.0,2032.7558883010581,0.0,1997.4074777376895,0.0,0.0,2025.5382093036862,0.0,0.0,10,6,14,10,8,1,5,-1,15,-1,1,-1,-1,13,-1,-1,15529.26,-63756983412.103966
44.6,50.4,0.2,0.2,0.2,0.20000000000000004,50.3,0.2,50.60000000000001,0.3,100.0,49.7,0.3,50.4,1.6,50.39999999999999,1968.6053750946687,2021.1086607000002,2017.6802630302095,1995.640375075699,2008.1365300294844,2017.7315076414418,0.0,0.0,2012.5519248961145,0.0,2021.6994804778521,0.0,0.0,2012.003727123531,0.0,0.0,10,6,0,10,8,11,-1,-1,15,-1,1,-1,-1,13,-1,-1,15423.990000000002,0.0
35.6,50.4,45.4,0.2,0.2,33.3,97.2,0.2,50.79999999999999,0.3,62.39999999999999,9.2,0.2,9.6,0.2,50.39999999999999,2028.6697169810982,1982.8353481558722,2024.4801405258636,0.0,2026.2084083861514,2010.317847970521,1991.6625359380423,0.0,2021.7297089376384,0.0,2008.400955233021,0.0,0.0,2018.894239109236,0.0,0.0,10,6,2,10,8,5,6,-1,15,-1,1,-1,-1,0,-1,-1,16362.3,50.50102100000001
50.6,10.900000000000002,90.8,0.2,0.2,50.29999999999999,52.29999999999999,0.2,59.4,53.0,50.4,52.39999999999999,0.2,35.6,0.2,100.0,2014.373340740809,2008.799333279805,0.0,2132.442444189107,0.0,2001.9420447061054,2121.2384620990883,2016.5755911106469,1993.4518521335435,2012.457832760744,2012.0986073657155,2162.364640962852,0.0,2004.7434152021788,0.0,0.0,10,6,2,9,8,5,11,15,15,8,13,2,-1,0,-1,-1,15584.939999999999,898.2403065
50.6,30.2,3.3999999999999995,0.2,45.1,57.49999999999999,50.39999999999999,0.2,50.7,15.2,50.4,9.5,0.3,50.4,0.2,51.5,2022.3538216865857,2024.6200963607655,2011.9319709782876,0.0,0.0,1993.4683752543392,0.0,1997.6032372927218,2004.5197618330387,2024.1781149205187,2025.0800425585362,0.0,0.0,2008.7548395953552,0.0,0.0,10,6,5,9,-1,1,11,4,15,8,13,2,-1,0,-1,-1,15503.460000000001,128.20620166666666
50.6,11.1,0.2,0.2,89.7,45.4,64.8,33.9,5.2,34.39999999999999,50.4,0.2,44.8,8.5,36.0,9.1,2023.8538135700383,0.0,2017.7510819702052,2007.9098486651972,2008.3666876281434,1998.5330434420853,0.0,0.0,2031.8399091952797,2019.528796660913,2036.7852200328439,0.0,0.0,2022.9013629664776,0.0,0.0,10,6,4,5,6,7,-1,4,9,12,14,-1,-1,0,-1,-1,15754.74,1386.479113
11.8,0.3,32.7,0.2,43.4,69.5,91.8,7.9,49.4,50.3,1.9,0.2,49.00000000000001,0.3,50.3,54.0,0.0,2008.1914599951374,0.0,0.0,0.0,2020.687625827705,2134.304572596482,2017.705711915237,2016.4710199194583,0.0,2007.9087074306392,0.0,0.0,2014.631543923442,0.0,0.0,10,6,4,5,6,2,15,8,9,12,14,-1,-1,5,-1,-1,14787.990000000002,445.92267019999997
31.900000000000002,47.5,9.700000000000001,0.2,51.6,2.3,37.4,0.2,51.0,50.3,0.3,0.2,0.3,0.3,50.3,7.700000000000001,2096.3465351480863,0.0,0.0,0.0,0.0,2031.7201332742752,0.0,2000.9306821105577,2022.1585211203987,0.0,2019.7886178267952,0.0,0.0,2019.5029832561531,0.0,0.0,4,6,-1,-1,-1,0,15,8,9,-1,14,-1,-1,1,-1,-1,14291.43,120.55833349999999
95.7,3.3999999999999995,0.2,0.2,0.2,0.20000000000000004,0.19999999999999996,52.400000000000006,8.9,54.900000000000006,0.3,0.2,0.3,0.3,50.3,34.2,0.0,2196.6229820792582,2028.7379409868745,0.0,0.0,2014.6673805264033,0.0,0.0,2008.2471915950973,0.0,2012.1328078369797,0.0,0.0,2006.6578241106513,0.0,0.0,3,7,9,-1,-1,0,-1,8,15,-1,14,-1,-1,0,-1,-1,14666.85,-31878493072.15257
17.4,47.20000000000001,72.2,0.2,0.2,0.20000000000000004,47.5,0.2,0.6,2.4,0.3,66.4,45.49999999999999,47.7,2.0999999999999996,10.100000000000001,2131.6558253866447,0.0,2007.093462656612,2154.4451335320628,2009.3174293768136,1996.484586590522,0.0,0.0,2016.5332337127109,0.0,2013.3865829894548,0.0,0.0,2005.8725701749274,0.0,0.0,1,7,13,6,12,11,-1,-1,2,-1,2,-1,-1,11,-1,-1,14479.05,-18.068429999999978
0.3,16.4,19.1,0.2,0.2,0.20000000000000004,40.1,0.2,0.49999999999999994,27.399999999999995,42.1,53.79999999999999,33.8,94.8,0.2,0.3,0.0,2010.1857320085924,1997.029120579893,0.0,2008.316223962175,1995.6715272668926,0.0,0.0,2014.3407643195917,0.0,2008.0071459725318,0.0,0.0,2008.3406551048072,0.0,0.0,1,10,13,6,6,13,-1,-1,9,-1,12,-1,-1,11,-1,-1,14310.36,42.408349
0.3,0.20000000000000004,0.2,26.899999999999995,0.2,0.20000000000000004,12.000000000000002,0.2,0.4000000000000001,43.7,44.4,50.6,67.5,8.799999999999999,49.2,0.3,1990.9706045694984,1956.872757063083,0.0,0.0,2021.625299354568,2021.988033234018,0.0,0.0,2021.4995052956876,0.0,2008.4064418115283,0.0,0.0,2011.3455874609986,0.0,0.0,12,12,13,-1,9,10,-1,-1,3,-1,14,-1,-1,11,-1,-1,14895.0,290.971483
57.699999999999996,0.3,31.899999999999995,10.1,0.2,0.20000000000000004,32.4,0.2,0.4000000000000001,12.6,83.4,50.6,57.2,0.3,6.800000000000001,57.50000000000001,1998.8019641159315,1995.2144742359333,2194.625784061239,1985.2960365384529,1247.0416911142324,1993.5675139678217,2006.416902838123,2184.140594729168,1529.3359372437249,0.0,1218.3916367305414,0.0,0.0,1997.667816622538,0.0,0.0,12,10,2,0,15,10,0,6,15,-1,15,-1,-1,11,-1,-1,15548.55,0.0
59.4,0.20000000000000004,53.1,0.3,34.7,0.20000000000000004,41.0,39.8,30.8,0.3,63.800000000000004,16.800000000000004,10.999999999999998,36.2,83.6,13.8,2026.5154243331815,2007.4959032827278,0.0,0.0,2017.807213394288,2006.6766661765162,1996.0844578620288,1005.7090607231887,2017.3443075942307,1161.5454318628101,2028.6890289383518,2179.912170227101,0.0,1280.1569450500765,0.0,0.0,6,10,2,0,0,4,8,14,7,14,13,2,-1,14,-1,-1,16051.26,105.3466725
50.6,0.3,5.5,72.0,50.8,74.7,3.8,96.49999999999999,12.6,0.3,11.7,51.0,0.2,10.4,99.9,34.599999999999994,2013.931880752706,2029.357983007324,1994.6812926611956,0.0,2007.9907079693535,2002.797805733994,1992.4570342472603,1988.3178223242621,2003.2508560402682,2012.7079916834928,2015.5831932552508,2242.643640295356,0.0,2013.7449681715216,0.0,0.0,7,15,3,-1,0,4,5,5,7,14,3,11,-1,14,-1,-1,15634.8,0.0
50.5,71.50000000000001,0.3,46.5,13.699999999999998,13.4,28.199999999999996,49.60000000000001,0.3,48.00000000000001,0.3,6.7,30.8,36.5,51.5,50.39999999999999,0.0,2012.4048667662998,2166.328283902697,2222.3334874403563,2018.4210569992742,1990.7019782588457,2010.4979904388479,0.0,2016.1878848186243,2004.3370687107788,2004.0764801834891,0.0,0.0,2007.9048402128847,0.0,0.0,7,15,9,3,0,6,1,1,12,1,13,11,-1,14,-1,-1,16071.36,-21252328919.234867
96.4,53.7,0.3,29.5,0.3,0.20000000000000004,50.39999999999999,47.0,0.3,19.3,0.3,0.2,50.4,99.3,50.3,50.39999999999999,2038.9248265996252,2009.4165483863392,0.0,0.0,2001.7207443619816,2020.008949431037,2013.3625001265289,2005.6321320859495,2014.6631789717753,2008.2950372460439,1992.7322518784595,0.0,0.0,2010.354583328138,0.0,0.0,13,15,9,3,0,6,1,0,12,7,13,-1,-1,14,-1,-1,16213.86,271.944413
100.0,50.4,50.4,0.3,0.3,0.20000000000000004,50.5,41.400000000000006,48.8,0.3,0.3,0.2,50.4,62.0,50.3,50.39999999999999,0.0,2018.9860328048771,0.0,1996.3910808877163,1485.6411055967646,2017.4730051636618,2008.5827164394088,1468.761531764667,2011.216398705823,0.0,2008.8928404063217,1383.6757366401393,0.0,2009.717799514267,0.0,0.0,13,15,2,8,0,6,1,0,12,7,13,0,-1,14,-1,-1,15328.949999999999,392.86390666666665
16.0,77.1,0.3,0.4,48.50000000000001,34.4,77.1,0.3,13.700000000000001,0.3,0.3,0.2,50.29999999999999,51.99999999999999,55.7,50.39999999999999,2197.987418110021,2014.5160358016865,2013.9557651848247,2005.8267388052764,1982.2787105529237,2005.850610617799,2002.0330249785593,2018.343446800877,2008.5935966576872,0.0,1998.751089723171,2008.2497623562908,0.0,0.0,0.0,0.0,5,15,13,1,1,6,4,6,12,-1,4,14,-1,14,-1,-1,15979.560000000001,6671.272175
77.6,99.70000000000002,0.3,0.3,100.0,14.2,100.0,0.3,0.20000000000000004,0.3,0.3,0.2,6.2,50.4,88.8,39.70000000000001,0.0,0.0,2021.7290326927323,1976.019925694889,2017.2982876453857,2004.5827260648523,2002.3412076034658,1994.9910317645688,2003.6682411217564,1996.6608759397052,2001.6507246869692,0.0,0.0,0.0,0.0,0.0,5,15,13,1,0,6,4,6,0,1,4,14,14,-1,-1,-1,14928.0,499.40274825
60.6,31.5,0.3,30.3,15.599999999999998,39.4,53.400000000000006,0.3,47.4,84.00000000000001,42.6,0.2,0.2,1.4999999999999998,0.2,0.3,1278.8041496952956,2005.4137752957583,2003.351055136573,0.0,2017.6138662067349,1520.0688563147914,2018.0427142427673,2014.5758862908597,2008.6868736133297,0.0,1378.2173416905798,0.0,0.0,0.0,0.0,0.0,9,10,8,1,3,9,5,6,0,1,9,-1,-1,-1,-1,-1,14949.51,225.85060699999997
12.6,0.3,0.3,50.5,0.2,50.6,88.79999999999998,0.3,4.2,18.7,93.9,41.1,29.400000000000006,0.3,0.2,30.800000000000004,1101.1195501647628,2007.5615113710214,1150.2211988715133,2019.972233145897,2018.5073735040883,2003.5956358293356,2012.740483845056,2004.2366994295473,1333.7709834750797,0.0,2010.2627264901487,0.0,0.0,0.0,0.0,0.0,10,12,10,11,3,6,5,6,10,-1,15,-1,-1,-1,-1,-1,15251.039999999999,0.0
0.2,0.3,63.29999999999999,45.1,0.2,12.2,24.200000000000003,0.3,0.20000000000000004,70.7,21.2,75.9,1.7999999999999998,0.3,77.90000000000002,93.1,2020.7992750016037,1982.3485632681184,2020.299207971394,1998.175647030937,1981.8774585768517,2000.4628267083285,2005.875214220166,2005.4567347324053,2023.8736419454099,2005.2146379482763,2004.4290577863999,0.0,0.0,0.0,0.0,0.0,14,15,3,15,9,2,11,2,9,14,11,-1,-1,-1,-1,-1,14764.259999999998,0.0
81.19999999999999,61.70000000000001,23.699999999999996,9.7,0.2,23.4,26.199999999999996,27.800000000000004,0.20000000000000004,26.1,0.3,59.5,0.2,0.3,18.7,51.39999999999999,0.0,2007.7213356495693,2003.6842603424998,1297.5141679889007,2014.5725984348828,1394.7625992958126,2004.518645146023,1992.560947768732,2034.8321086634573,0.0,1993.7262497334075,1241.181566025271,0.0,0.0,0.0,0.0,14,15,1,0,6,0,7,1,5,1,11,0,-1,-1,-1,-1,15312.84,-31878495227.234352
22.2,89.8,38.99999999999999,0.2,0.2,92.6,8.4,38.2,0.20000000000000004,38.2,0.2,50.7,70.20000000000002,0.3,0.2,11.9,1988.0923421527652,2029.942958080632,2007.0219886886855,2018.4926768208306,2006.7615494880804,1268.643643323821,1330.8395520117886,1986.6562611844472,1339.2640254169157,0.0,2018.5653732581695,1992.3392207160955,0.0,0.0,0.0,0.0,12,7,12,9,2,5,5,1,5,-1,11,1,-1,-1,-1,-1,15038.07,0.0
0.2,26.900000000000002,79.1,0.2,0.2,22.199999999999996,40.7,82.7,0.20000000000000004,2.3,0.3,27.200000000000003,100.0,0.3,71.8,0.3,2009.0855157535846,1380.959036269767,1998.1062856003275,1200.4790250664894,2019.8123086477137,1635.1445848963149,1385.2617227360613,1307.9207590194421,1228.4259039825547,1596.4807286753598,1408.1225450723398,1308.964628632872,0.0,0.0,0.0,0.0,12,7,12,14,6,2,7,14,14,7,2,2,-1,-1,-1,-1,15803.79,0.0
0.2,0.4000000000000001,99.5,27.1,0.2,44.599999999999994,95.0,96.29999999999998,0.20000000000000004,0.3,0.4,42.5,17.1,0.3,100.0,0.3,0.0,2015.2289144858755,0.0,1790.9629509815786,2011.6335674568397,2018.7957918178747,1998.998347447052,1286.2323883865834,1435.4958089847519,2021.3918326047853,2015.5398098569538,2026.6304460468007,2009.085453253304,1990.2175787031188,0.0,0.0,12,7,12,14,6,11,7,14,14,3,2,2,5,6,-1,-1,15573.18,763.7948165
0.2,42.00000000000001,55.1,35.89999999999999,35.9,76.2,15.299999999999999,50.6,33.9,31.3,26.899999999999995,10.7,49.00000000000001,0.3,29.4,0.3,1985.590390676906,1101.6412791494736,0.0,0.0,2028.247102082164,1775.4063485611516,1959.433054438884,1467.6267048143543,2008.5997173145925,1443.2838527436477,2007.714722612254,1173.5454909890777,1313.9673653866143,2028.6370574615794,0.0,0.0,1,12,-1,14,4,5,1,12,9,5,10,12,5,8,-1,-1,16181.399999999998,1198.417572
0.2,57.8,31.5,24.199999999999996,50.8,94.1,30.499999999999993,0.2,50.60000000000001,50.3,50.499999999999986,0.4,91.3,81.7,0.2,0.2,2027.7436365184365,2030.2107123013839,2015.9887355274896,2021.230222646505,2014.0585146879519,2015.1414413529717,1997.2136583721817,2007.8976052006037,2017.6403550105151,1996.3844796055137,2008.8951671965413,2008.3284845544954,2002.5375789559344,2006.6515965844687,0.0,0.0,1,2,12,5,4,13,13,12,9,5,10,3,6,8,-1,-1,16455.93,0.0
32.0,28.300000000000004,72.39999999999999,23.4,9.8,58.8,50.3,0.2,11.600000000000001,50.3,50.499999999999986,32.0,100.0,56.49999999999999,54.1,0.3,0.0,1997.8945356346803,1266.9728288681038,0.0,1996.6387136816068,2022.5670236603169,2023.0966969934143,1334.3942774050997,1998.9795225341263,1994.0304105865453,2009.0507734784505,1895.63133444209,2006.6910870438276,2012.9793170644327,1082.4915447611854,0.0,1,2,12,5,0,11,13,12,9,14,10,2,6,14,12,-1,16576.59,220.7908665
8.7,0.5,100.0,24.500000000000004,72.3,0.20000000000000004,47.6,0.2,30.9,50.3,85.39999999999999,79.80000000000001,63.0,9.4,100.0,0.2,2168.810436952185,2004.4752411293025,2005.9127753470793,1200.3371124589528,1988.0747943620547,2014.573390950764,2017.3517402866723,2018.440338712426,2018.0331321548301,1536.9702563084586,1976.016822506502,2005.3950769191447,2010.443685139411,1263.1864916577163,1979.2854988039194,2014.3608741219296,6,2,3,14,4,11,11,12,9,14,10,2,8,14,10,4,16609.649999999998,0.0
0.2,29.9,100.0,13.8,65.4,0.20000000000000004,11.5,0.2,50.5,50.3,74.00000000000001,100.0,8.7,0.3,100.0,38.6,0.0,2001.4282578888021,1993.0545887139308,1222.928373927353,2008.1088461102204,2002.5018635271429,1977.4235783390336,2018.953198776351,2013.3896902324448,1314.3114150961278,2028.666313706084,2014.5369296182093,2008.8995278959112,1419.250618221027,0.0,0.0,6,2,1,14,4,11,11,15,9,14,10,2,8,14,10,4,17199.81,165.34701633333333
0.2,50.5,100.0,0.2,50.8,45.9,0.19999999999999996,32.3,50.5,50.3,50.499999999999986,100.0,0.3,48.199999999999996,100.0,8.5,2013.9714370788797,1996.387408983103,2011.236771471048,0.0,2024.807076464069,2001.7272504831085,2007.7036243934717,2026.8961641643991,1997.1918896619734,2015.977653325609,2004.3791394420366,2009.6177741706538,2017.2323193886366,2011.5736518839487,2018.1559368501353,0.0,13,2,1,14,4,11,11,7,9,14,10,2,8,14,5,-1,16574.699999999997,220.675209
29.299999999999997,14.699999999999996,18.6,29.4,39.2,56.89999999999999,30.7,71.3,50.5,11.7,11.899999999999999,100.0,32.1,41.699999999999996,100.0,0.3,0.0,0.0,2013.8634514331147,2008.752935446838,2025.9367261077239,1995.9806458363423,2000.0904762284417,2010.0156779879999,0.0,1976.3785760222556,2019.7101836506515,2016.8781790025332,2021.9744077992843,2010.816192963447,2003.2949380795326,2111.211569015229,13,2,3,4,0,11,11,7,9,14,6,5,8,14,7,12,16765.02,2293.960845666667
14.400000000000002,0.4000000000000001,0.2,50.5,50.8,95.6,50.3,100.0,50.5,0.3,31.900000000000002,93.69999999999999,24.0,0.3,100.0,0.2,2012.713382987208,0.0,2001.0092483624458,2012.9430272043,2017.7301060947646,0.0,2022.6241155829869,1998.3460130470014,0.0,2006.2475700061539,2007.630221600638,2017.005034244119,2015.6254850244763,1979.4667923550633,2013.1129290933982,0.0,5,-1,3,4,10,11,11,7,-1,14,6,5,8,14,7,12,16554.809999999998,3181.7359185
0.2,27.700000000000003,73.0,50.6,6.000000000000001,54.800000000000004,9.700000000000001,100.0,49.8,46.20000000000001,72.39999999999999,41.89999999999999,0.2,49.8,18.8,48.39999999999999,2019.6581976276577,2108.5676000963276,2032.1388169591633,2008.3242867370566,2015.7050791109527,2016.6364851602889,0.0,1994.4380623895306,0.0,2004.7329256536782,1999.2865474155053,1996.8105025950658,0.0,2020.9451058424754,2011.293788847822,0.0,15,13,3,9,10,2,11,7,-1,10,2,5,8,1,7,-1,16093.53,2369.4086735
0.2,50.4,56.99999999999999,50.5,0.2,50.4,0.19999999999999996,54.79999999999999,48.6,92.60000000000001,100.0,0.2,0.2,9.6,0.2,44.2,0.0,0.0,2007.0088423515117,1983.819538091557,1994.8977684601673,0.0,2013.822301795377,2008.2027512158272,0.0,2016.5903550927835,2018.0353984828869,2013.008154249306,0.0,2003.257461322963,2018.0102162595597,0.0,15,13,3,9,10,2,8,9,-1,10,2,5,-1,1,7,-1,15694.5,200.452412
0.2,13.0,50.3,96.79999999999998,0.2,50.5,0.19999999999999996,50.5,50.60000000000001,61.6,53.0,0.2,0.2,45.0,34.199999999999996,0.3,2010.654360921662,0.0,2003.6820016309077,0.0,2007.2470518926868,0.0,2018.1009327718577,2024.3980295544272,0.0,2019.1416132562363,2004.5155986426926,2028.111306853737,0.0,2008.1498141234542,2015.5695181478386,0.0,3,-1,3,9,10,-1,8,9,-1,13,2,5,-1,14,7,-1,15097.95,344.153272
26.999999999999996,0.20000000000000004,11.7,100.0,0.2,2.1,35.5,28.199999999999996,6.1,50.4,50.4,33.4,0.3,61.3,6.800000000000001,0.2,2001.5790034945642,2126.2458810677876,2012.861733665509,0.0,2032.5630777694676,0.0,0.0,2032.425761525956,0.0,1997.8536830074434,2008.5471492246375,0.0,0.0,2015.9474601363345,0.0,0.0,3,13,3,-1,10,-1,8,9,-1,0,11,5,-1,6,7,-1,14591.130000000001,750.8132546666666
50.6,0.3,0.2,5.6,0.2,0.20000000000000004,50.5,49.0,0.20000000000000004,50.3,50.4,50.6,0.2,9.9,0.2,0.3,0.0,0.0,0.0,2037.464902997884,2006.1600809191607,0.0,0.0,2026.2362235643636,0.0,2017.9315142157957,2019.5086702644141,0.0,0.0,2007.3327497760824,0.0,0.0,2,13,3,7,10,-1,-1,9,-1,0,11,-1,-1,6,-1,-1,14423.91,-21252331869.811665
50.6,0.3,0.2,0.2,0.2,31.0,98.2,9.6,0.20000000000000004,50.4,17.8,50.5,0.3,0.3,0.2,0.3,1986.1178999757803,0.0,0.0,2016.253807347557,0.0,0.0,0.0,2019.6276360555726,0.0,2014.83493840453,2019.937209218602,0.0,0.0,1989.4196661562391,0.0,0.0,6,-1,-1,5,10,-1,-1,9,-1,0,11,-1,-1,6,-1,-1,14355.66,4893.5690030000005
50.6,29.500000000000004,0.2,0.2,0.2,50.5,53.400000000000006,0.2,0.20000000000000004,11.4,0.3,50.6,50.2,0.3,0.1,0.3,0.0,2002.7458156464415,0.0,2030.787384059469,0.0,0.0,0.0,2029.9493653394281,0.0,2021.2590555893735,2000.2915757965645,0.0,0.0,2007.2628515648864,0.0,0.0,6,12,-1,5,-1,-1,-1,1,-1,0,11,-1,-1,6,-1,-1,14552.369999999999,1.8101730000000202
50.6,43.39999999999999,0.2,0.2,0.2,98.0,50.3,0.2,37.5,0.3,0.3,8.400000000000002,40.3,0.2,0.2,0.3,3315.130801114732,0.0,0.0,3341.172167621418,0.0,0.0,0.0,1762.292709027294,0.0,2012.8286043976957,2007.7916075809082,0.0,0.0,2018.5033773229256,0.0,0.0,5,12,-1,5,-1,-1,-1,8,-1,0,1,-1,-1,6,-1,-1,14417.67,231.883767
12.199999999999998,50.4,44.7,31.1,0.2,50.7,17.299999999999997,0.2,50.5,0.3,43.2,0.2,0.3,0.3,0.2,0.3,2018.4587922913058,2003.7863971289596,0.0,2260.0754544829824,0.0,0.0,0.0,2011.8019629385108,0.0,2023.9784432103743,2010.5007784384804,0.0,0.0,0.0,0.0,0.0,10,2,-1,5,-1,-1,-1,8,-1,3,1,-1,-1,6,-1,-1,14781.810000000001,1586.376858
0.2,50.10000000000001,4.4,50.7,0.2,45.8,47.1,0.2,8.699999999999998,36.8,50.4,0.2,0.2,0.3,50.5,0.3,2029.5969768142502,2007.1972371724787,0.0,2285.599580303785,0.0,0.0,0.0,2017.6646930764982,0.0,2017.7330034671425,2248.033307930594,0.0,0.0,0.0,0.0,0.0,10,6,14,5,-1,-1,-1,9,-1,3,1,-1,-1,-1,-1,-1,14144.1,280.682472
0.2,12.800000000000002,0.2,60.3,0.2,45.4,36.9,0.2,0.20000000000000004,82.9,8.3,0.2,0.2,0.3,0.2,33.599999999999994,0.0,0.0,2126.34194001895,2263.6744210292322,0.0,0.0,0.0,2016.2712920070342,0.0,2018.0865764388977,2029.5961295383122,0.0,0.0,0.0,0.0,0.0,10,6,3,5,-1,-1,-1,9,-1,9,15,-1,-1,-1,-1,-1,14214.93,421.5271045
49.1,0.4000000000000001,0.2,3.6999999999999997,0.2,22.299999999999997,0.19999999999999996,47.9,0.20000000000000004,56.3,45.4,0.2,0.3,0.3,20.0,39.900000000000006,2018.611263769743,0.0,2182.042261434234,2027.8541876392349,0.0,0.0,0.0,2027.3814230828984,0.0,2032.7865426892022,2016.3215796264215,0.0,0.0,0.0,0.0,0.0,7,-1,0,14,-1,-1,-1,9,-1,15,10,-1,-1,-1,-1,-1,14448.39,0.0
3.1000000000000005,0.4000000000000001,0.2,0.2,35.29999999999999,45.0,0.19999999999999996,7.200000000000001,0.20000000000000004,50.4,50.4,0.2,0.2,0.3,50.5,50.39999999999999,2010.5930397631078,2318.7057250216285,0.0,2000.9299019439052,0.0,0.0,0.0,2041.2686454831182,0.0,2023.680881860948,2022.4631146446334,0.0,0.0,0.0,0.0,0.0,4,5,0,14,-1,-1,-1,9,-1,15,10,-1,-1,-1,-1,-1,14799.09,303.51461
0.2,0.4000000000000001,49.8,0.2,50.8,45.5,36.1,0.2,0.20000000000000004,50.5,50.4,0.2,0.2,0.3,50.5,7.5,2028.629671613489,2006.9741527025042,2202.666516552319,2012.3632469028419,0.0,0.0,0.0,2014.1563614693844,0.0,2017.6698030871607,2039.8727873843359,0.0,0.0,0.0,0.0,0.0,4,5,2,14,-1,-1,-1,9,-1,6,10,-1,-1,-1,-1,-1,14624.67,0.0
39.599999999999994,0.4000000000000001,1.6,0.2,5.299999999999999,84.5,50.3,0.2,0.20000000000000004,50.4,5.800000000000001,49.9,0.2,0.3,50.5,0.2,2009.5108536359987,3262.852611538905,0.0,2024.0741549313313,2022.6197519461434,0.0,0.0,2021.080398218621,0.0,2016.5978834684474,3378.4104467510942,0.0,0.0,0.0,0.0,0.0,0,5,2,14,11,-1,-1,9,-1,6,5,-1,-1,-1,-1,-1,14929.710000000001,-12.757920000000013
50.5,42.00000000000001,0.2,0.2,0.2,100.0,50.3,0.2,0.20000000000000004,24.5,53.0,50.5,0.2,0.3,1.4000000000000001,0.2,2007.8403030863847,3351.947692959826,2229.9581680513793,2015.8655742511419,2029.4502321555383,0.0,0.0,0.0,0.0,2024.664150682839,3343.349878493742,0.0,0.0,0.0,0.0,0.0,0,5,10,1,11,-1,-1,9,-1,6,5,-1,-1,-1,-1,-1,14708.52,3421.110875
50.5,12.9,0.2,32.8,33.7,7.9,7.1000000000000005,83.2,0.20000000000000004,0.3,1.4,50.6,0.2,92.8,0.2,0.2,1998.063424080979,2006.8011410154274,2033.9707952534634,2007.9725913152515,2019.8865418748296,1979.870055926213,0.0,0.0,0.0,2034.215402530364,1994.3556030921072,0.0,0.0,0.0,0.0,0.0,0,7,13,4,11,7,-1,-1,-1,3,13,-1,-1,-1,-1,-1,15131.7,0.0
50.6,0.3,0.2,50.7,50.8,0.20000000000000004,0.19999999999999996,100.0,48.699999999999996,0.3,0.3,50.5,0.2,62.10000000000001,0.2,0.2,2026.758159735431,2002.3058253987945,0.0,2014.6830733185925,2019.2780522587034,1996.6761448949023,2028.205291463815,0.0,0.0,1998.427221475183,2006.3511990683664,0.0,0.0,0.0,0.0,0.0,0,7,13,4,11,7,8,-1,-1,3,13,-1,-1,-1,-1,-1,14940.24,343.353965
10.2,0.20000000000000004,0.2,7.599999999999999,11.2,40.2,0.19999999999999996,51.89999999999999,40.5,0.3,78.50000000000001,96.0,0.3,50.4,0.3,0.2,2003.8894879177462,0.0,2002.515598931217,2023.4576023087968,2015.0027961855806,2018.0800211740152,2010.8075439173542,0.0,0.0,2007.3803139898457,2015.5235386861332,0.0,0.0,0.0,0.0,0.0,8,7,11,10,11,7,10,-1,-1,5,13,-1,-1,-1,-1,-1,15168.27,288.020473
40.599999999999994,0.3,0.2,0.2,0.2,49.099999999999994,0.19999999999999996,50.5,50.60000000000001,34.7,11.7,77.2,47.199999999999996,3.1000000000000005,50.4,0.3,2018.3680352992728,2023.266170810869,2016.9276233929056,2020.07202835174,0.0,2022.1026034050374,2005.7483070818098,0.0,0.0,2229.1175796876137,2016.8634946872135,0.0,0.0,0.0,0.0,0.0,8,14,11,9,11,7,12,-1,-1,5,0,-1,-1,-1,-1,-1,14692.32,145.922697
93.6,0.3,0.3,0.2,0.2,83.50000000000001,0.19999999999999996,53.6,50.5,96.50000000000001,0.3,2.9,1.7999999999999998,0.3,1.3,0.2,2016.8282469381143,2001.7295636603678,0.0,2026.7716294104207,2006.0159972192882,3317.6643280613202,2023.5559507205296,0.0,0.0,3291.523000965384,1986.8474394496825,0.0,0.0,0.0,0.0,0.0,8,0,11,9,7,5,9,-1,-1,5,0,-1,-1,-1,-1,-1,15116.07,-38.35604799999999
92.0,0.3,16.9,0.2,0.2,69.7,0.19999999999999996,44.099999999999994,50.60000000000001,100.0,0.3,0.2,0.3,0.3,0.3,50.3,2021.9449579869658,0.0,2008.5475180493277,2025.755887342771,0.0,2230.636389156942,2025.6056145912187,0.0,0.0,2008.7981897074726,2005.0453536913953,0.0,0.0,0.0,0.0,0.0,8,0,15,9,7,5,9,-1,-1,2,0,-1,-1,-1,-1,-1,14960.55,400.4036345
50.6,33.6,50.3,0.2,0.2,17.4,24.000000000000004,0.2,50.60000000000001,9.8,0.3,53.5,44.1,0.3,0.3,48.5,2023.9990558835605,2136.1287302460482,0.0,2016.9536182694055,0.0,1993.2171459536974,2032.2750489950258,0.0,0.0,2029.3724049304824,2007.5810094868075,0.0,0.0,0.0,0.0,0.0,8,11,15,1,-1,6,12,-1,-1,2,0,-1,-1,-1,-1,-1,14538.810000000001,289.061512
5.2,92.7,50.4,0.2,0.2,0.20000000000000004,8.6,0.2,11.0,0.3,0.3,10.3,50.4,85.1,31.5,0.4,2007.6896292441402,0.0,2002.1219708429053,1967.4076540552414,0.0,2013.396972835382,2010.019930092095,0.0,0.0,2008.0959152526664,1996.5558793996886,0.0,0.0,0.0,0.0,0.0,14,11,13,1,-1,13,12,-1,-1,2,1,-1,-1,-1,-1,-1,14700.48,46.955416000000014
0.2,100.0,6.7,0.2,94.40000000000002,0.20000000000000004,39.900000000000006,0.2,0.3,0.3,0.3,0.2,0.8,51.5,50.5,0.4,2018.0632276819495,1991.5195643255743,2004.812292007412,2011.6379120479442,0.0,2013.9865571031278,0.0,0.0,0.0,2018.9353194019534,1997.4991759008587,0.0,0.0,0.0,0.0,0.0,14,4,4,1,-1,13,12,-1,-1,6,1,-1,-1,-1,-1,-1,14531.400000000001,1171.370897
0.2,26.299999999999997,31.800000000000004,37.7,11.800000000000002,35.4,80.40000000000002,66.4,0.20000000000000004,0.3,0.3,0.2,0.2,50.4,8.5,0.4,2026.9337034981427,2007.9829537818223,2003.8010726955042,2012.0670300238924,2019.1288516577267,1997.1963007776953,0.0,0.0,0.0,2000.9591550870996,2015.1738340770407,0.0,0.0,0.0,0.0,0.0,6,3,7,2,5,13,-1,-1,-1,6,7,-1,-1,-1,-1,-1,15159.990000000002,0.0
0.2,0.3,13.0,4.7,44.7,50.5,15.8,51.7,55.60000000000001,0.3,0.3,49.0,30.4,96.3,0.3,0.4,1991.2071780746226,2018.6807240481428,2022.5982565745373,2010.1282404300046,2022.5129267263083,2017.0107250967021,2009.9387229840906,0.0,0.0,2017.8105283488758,2008.3036525035513,0.0,0.0,0.0,0.0,0.0,8,4,7,8,5,13,13,-1,-1,12,11,-1,-1,-1,-1,-1,15498.54,0.0
0.2,0.3,39.1,0.3,43.599999999999994,1.7999999999999998,41.199999999999996,50.5,99.99999999999999,0.3,0.2,98.4,48.79999999999999,3.9,0.3,0.4,1995.663766197455,0.0,2019.1918331571133,2017.571214770427,0.0,2007.8798998793122,2010.0158101446236,1992.1675174950185,0.0,2018.4434875424195,2007.5722482503543,0.0,0.0,0.0,0.0,0.0,8,4,7,8,5,6,12,11,-1,2,11,-1,-1,-1,-1,-1,14658.75,419.95690650000006
0.2,0.3,23.4,72.0,30.099999999999998,0.20000000000000004,50.39999999999999,11.200000000000001,41.39999999999999,0.3,0.3,40.9,50.4,0.3,30.099999999999998,32.0,2016.1242340683657,2220.4051577239225,2018.0994111437406,2014.712558894258,0.0,2004.5385071923522,2008.8980282686132,1990.1242041434398,0.0,1979.3111241930012,2004.511893849239,0.0,0.0,0.0,0.0,0.0,2,11,4,14,-1,6,12,3,-1,3,15,-1,-1,-1,-1,-1,15626.34,0.0
0.2,0.3,50.3,71.50000000000001,50.8,0.20000000000000004,50.39999999999999,48.50000000000001,0.20000000000000004,0.3,0.2,79.20000000000002,0.9999999999999999,53.29999999999999,50.6,50.39999999999999,2012.5025195257808,0.0,2003.149977494456,2022.823325301022,2560.28323155334,2008.148742082935,0.0,0.0,2129.6152758518456,2012.092974071977,2032.7908938305577,2009.5130496203608,0.0,0.0,0.0,0.0,2,11,4,14,7,6,10,3,13,3,15,11,-1,-1,-1,-1,15483.030000000002,-21252334662.136223
0.2,0.20000000000000004,50.4,50.7,50.8,0.20000000000000004,50.3,35.4,0.20000000000000004,48.7,0.3,49.0,0.2,7.8,50.5,50.39999999999999,2016.6621842066743,2024.4233807153173,2002.4090365767156,2028.3253334889255,0.0,2008.6179936376814,0.0,0.0,0.0,1997.3943369344065,2024.7089109650344,0.0,0.0,0.0,0.0,0.0,2,9,4,14,7,6,-1,-1,13,3,15,11,-1,-1,-1,-1,15110.67,177.88825699999998
0.2,41.400000000000006,50.4,50.7,8.9,0.20000000000000004,50.3,31.5,0.20000000000000004,4.3999999999999995,0.3,0.2,0.2,0.3,99.4,50.39999999999999,2026.5586788273667,2016.2376217345484,2263.4687634792836,2013.8401130640914,1985.2673703940038,2035.4545135921912,0.0,0.0,0.0,2001.466481380105,2008.0535369599522,0.0,0.0,0.0,0.0,0.0,2,1,7,14,14,6,-1,-1,-1,3,15,-1,-1,-1,-1,-1,14568.36,0.0
0.2,81.1,50.4,50.7,0.2,0.20000000000000004,5.299999999999999,16.899999999999995,47.0,35.9,0.3,47.3,0.2,0.3,8.5,6.4,2001.2600219569076,1222.3730727298698,1466.2775458501542,2004.3236041814869,2138.7781761942574,0.0,2177.5324066136877,0.0,0.0,2019.6969414254036,1168.0045661739946,0.0,0.0,0.0,0.0,0.0,2,1,1,9,11,6,8,-1,-1,3,1,-1,-1,-1,-1,-1,14740.14,1197.5692199999999
0.2,94.5,35.8,11.1,32.2,0.20000000000000004,0.19999999999999996,29.099999999999998,1.6000000000000003,50.3,0.2,13.0,0.2,0.3,96.0,0.4,0.0,2028.7393435264266,3367.5828159251123,2011.7126877641767,0.0,0.0,0.0,0.0,0.0,2012.1380225887197,3238.035133304491,0.0,0.0,0.0,0.0,0.0,2,7,1,9,11,14,14,-1,-1,4,1,-1,-1,-1,-1,-1,14307.57,881.92106525
0.2,50.0,0.2,0.2,8.1,0.20000000000000004,49.2,82.19999999999999,0.20000000000000004,50.3,0.3,10.3,0.2,0.2,0.2,58.60000000000001,0.0,3340.121334811178,2009.1193314389843,2012.3996152103957,2014.345742416296,0.0,0.0,0.0,0.0,3256.089836104822,2006.2916237663803,0.0,0.0,0.0,0.0,0.0,15,7,11,9,6,-1,-1,-1,-1,7,15,-1,-1,-1,-1,-1,14237.490000000002,271.25481
0.2,0.3,0.2,0.2,28.9,47.6,24.6,58.3,0.20000000000000004,11.899999999999999,0.3,42.5,0.2,0.3,31.399999999999995,50.5,2188.1361477821374,2020.1188862219067,2008.0848592995872,2000.9273356197175,0.0,0.0,0.0,0.0,0.0,2304.020730217011,2018.1648617695619,0.0,0.0,0.0,0.0,0.0,5,4,14,11,6,-1,-1,-1,-1,7,15,-1,-1,-1,-1,-1,14297.94,121.680374
0.2,46.3,42.0,0.3,50.8,0.30000000000000004,0.19999999999999996,45.9,0.20000000000000004,0.3,0.3,7.8,0.2,0.3,86.1,2.9000000000000004,0.0,2019.0715313080686,2013.1830720170497,1977.7766377663602,2016.2406643553516,0.0,0.0,0.0,0.0,2269.8286106104465,2007.3699109889142,0.0,0.0,0.0,0.0,0.0,3,4,14,14,1,-1,-1,-1,-1,7,2,-1,-1,-1,-1,-1,14643.84,-63757007228.8225
0.2,46.199999999999996,50.3,30.8,10.7,0.20000000000000004,35.4,45.60000000000001,0.20000000000000004,0.3,52.800000000000004,0.2,0.2,0.3,54.300000000000004,0.4,2266.953711906075,2006.0149340836083,2014.7844893549905,2022.2215939044895,2215.202906188276,0.0,0.0,0.0,0.0,2288.8582701282426,2016.8567673170326,0.0,0.0,0.0,0.0,0.0,10,3,14,6,1,-1,-1,-1,-1,7,2,-1,-1,-1,-1,-1,15328.62,0.0
29.7,6.2,4.9,94.7,0.2,0.20000000000000004,50.39999999999999,9.3,48.50000000000001,52.400000000000006,53.6,0.2,45.3,0.3,50.5,0.4,2143.1847089260914,2010.7214846467732,2011.1264771852098,2007.990693826165,2006.4731601928122,2139.3862783189243,2025.5612652421014,0.0,0.0,2006.9477977321433,2000.2149761022965,0.0,0.0,0.0,0.0,0.0,9,3,14,6,12,10,8,-1,-1,0,3,-1,-1,-1,-1,-1,15167.46,0.0
50.6,0.3,44.0,61.5,30.0,0.10000000000000002,3.4999999999999996,0.2,96.00000000000001,16.5,11.8,0.2,2.0999999999999996,0.3,50.5,50.39999999999999,0.0,2029.0753824306123,2007.4316302875625,2009.4152369037079,2003.3365808354138,0.0,2008.4413660660773,2009.0644596193254,0.0,2014.3875102513298,2024.2561111591267,0.0,0.0,0.0,0.0,0.0,9,4,14,2,8,10,8,15,-1,0,3,-1,-1,-1,-1,-1,14839.740000000002,202.68232050000003
50.6,0.3,50.4,50.7,50.8,0.20000000000000004,0.19999999999999996,0.2,57.70000000000001,0.3,0.3,0.2,47.70000000000001,0.3,69.5,1.5,2008.604790588188,2028.6436415875353,0.0,2012.538505125561,2028.6788967661807,0.0,0.0,2017.8615552297786,0.0,2027.3384661061918,2003.327151634221,0.0,0.0,0.0,0.0,0.0,14,4,14,2,8,-1,8,12,-1,0,3,-1,-1,-1,-1,-1,14987.58,1108.3872565000001
50.6,0.20000000000000004,11.3,50.7,97.59999999999998,32.6,0.19999999999999996,48.3,9.6,0.3,0.3,0.2,2.3,0.3,35.8,48.199999999999996,0.0,2013.4795127623045,1977.5688167340238,2012.323688391532,0.0,2016.4824878606166,0.0,2007.4133376605614,0.0,2027.5729210336035,1998.269588929148,0.0,0.0,0.0,0.0,0.0,14,4,4,5,8,7,-1,15,-1,0,3,-1,-1,-1,-1,-1,15041.34,412.8272525
50.6,0.3,0.3,6.3,12.1,78.40000000000002,0.19999999999999996,1.6,47.2,0.3,0.3,44.3,44.699999999999996,0.3,48.3,94.09999999999998,2036.477294756631,1989.4282117488267,2131.313166845686,2004.2795567979463,2025.3069907205377,2017.4242572762005,0.0,1997.781018070673,0.0,2004.7714328004447,1996.9199041918835,0.0,0.0,0.0,0.0,0.0,12,5,8,15,11,14,-1,15,-1,0,5,-1,-1,-1,-1,-1,15114.27,0.0
19.1,0.20000000000000004,0.2,0.2,85.2,100.0,47.3,0.2,16.3,0.3,0.3,50.6,49.39999999999999,0.4,2.0999999999999996,51.5,2013.6630149524199,1988.0055051085856,0.0,2009.5510758749483,2006.9908950678762,2032.8595473751861,2018.5714331211923,2024.748768679945,0.0,0.0,2004.3930286244376,0.0,0.0,0.0,0.0,0.0,4,5,8,15,11,12,6,4,-1,0,5,-1,-1,-1,-1,-1,15336.810000000001,3224.3146115
0.2,0.3,48.3,0.2,49.8,57.199999999999996,50.3,0.2,0.3,0.3,38.4,50.6,97.29999999999998,0.3,0.2,50.39999999999999,0.0,2017.0506141264373,2187.9800326506042,2011.7387782921899,2018.0062676817201,1984.4018754171336,2014.153403152332,2004.7603492332255,0.0,0.0,2007.009890216116,0.0,0.0,0.0,0.0,0.0,4,5,2,15,11,12,6,12,-1,-1,10,-1,-1,-1,-1,-1,15223.710000000001,570.101376
0.2,49.9,2.5,0.2,43.3,50.6,50.39999999999999,0.2,0.3,0.3,50.4,4.4,100.0,0.4,0.2,50.39999999999999,1993.5471026265552,2004.5794708508547,0.0,2025.411365454268,2012.4808415273292,0.0,2023.3085013166412,2006.491803895073,2236.9189541219944,0.0,2010.0160688061471,0.0,0.0,0.0,0.0,0.0,12,5,2,15,4,12,6,12,1,-1,10,-1,-1,-1,-1,-1,15122.130000000001,306.86724250000003
0.2,55.60000000000001,0.2,39.6,50.8,6.6000000000000005,10.200000000000001,38.8,0.20000000000000004,0.3,50.4,32.2,51.9,0.4,0.2,50.7,2019.731340759736,2022.1580352437443,2017.9017443136975,2013.1711663363155,2018.4374063939676,0.0,2022.6419448470976,2020.5680504186737,0.0,0.0,2008.4393124682128,0.0,0.0,0.0,0.0,0.0,12,3,15,7,4,-1,11,1,1,-1,10,-1,-1,-1,-1,-1,14924.61,43.94852500000002
0.2,50.6,0.2,10.5,11.7,46.0,0.19999999999999996,50.5,33.9,0.3,8.5,50.7,7.7,76.1,37.6,0.5,0.0,2000.7637983523964,2014.2933244379806,2008.6030542562407,2012.9786560173359,2008.8091647043884,1995.358869182214,2023.0663964998416,0.0,0.0,2002.7381811196196,0.0,0.0,0.0,0.0,0.0,12,8,11,7,13,5,13,1,-1,-1,14,-1,-1,-1,-1,-1,15225.48,28.382069
0.2,9.6,0.2,0.2,0.2,48.8,0.19999999999999996,50.5,50.60000000000001,0.3,0.3,50.5,0.2,99.99999999999999,98.9,0.3,0.0,2004.4118112005099,2016.1780730712694,2010.2806814437397,2010.9506568408385,2227.746671338962,2003.2053006740143,0.0,0.0,0.0,2022.8170834431648,0.0,0.0,0.0,0.0,0.0,14,8,11,7,13,5,13,1,-1,-1,14,-1,-1,-1,-1,-1,14743.32,914.4617905
0.2,0.4000000000000001,0.2,42.89999999999999,40.4,82.79999999999998,0.19999999999999996,49.89999999999999,4.6,39.4,0.3,46.7,0.2,58.20000000000001,1.2,0.2,2013.977804886799,2013.674636334685,3281.7801664505027,2288.4748982441706,3338.787144272874,2039.2575388046753,2018.9597399287336,0.0,0.0,0.0,2031.6525048331855,0.0,0.0,0.0,0.0,0.0,11,4,5,7,5,9,13,-1,-1,-1,3,-1,-1,-1,-1,-1,15374.46,0.0
4.1,42.3,0.2,50.6,50.7,82.9,30.4,12.999999999999998,49.2,50.3,0.3,42.400000000000006,0.3,7.6,37.9,0.2,0.0,2024.8248209027659,2311.7284642474956,2025.707329817015,2014.3026644432236,2017.8183842768156,2014.7713629173086,2011.9468075302761,2011.7686898807171,0.0,2018.6105908844243,0.0,0.0,0.0,0.0,0.0,11,4,5,6,0,9,14,1,8,-1,3,-1,-1,-1,-1,-1,15310.56,236.034976
92.40000000000002,46.0,0.2,10.9,50.8,46.2,2.9,44.3,40.5,2.1,0.3,0.2,0.3,0.3,97.1,0.2,2290.5528892029643,2012.701551891775,1125.3802433612382,1389.9639897184002,1365.8719713645394,1324.7258397898604,1145.1738998167716,0.0,1180.3747948218709,2264.8755304292035,1999.1940316493635,0.0,0.0,0.0,0.0,0.0,7,4,0,14,0,0,14,1,14,5,8,-1,-1,-1,-1,-1,15746.369999999999,268.742842
99.9,0.4000000000000001,0.2,0.2,43.3,5.699999999999999,32.0,91.7,50.5,0.3,0.2,0.2,93.09999999999998,0.3,57.599999999999994,47.1,3309.3524621245865,2006.90405825074,2000.4958749801729,2021.5749238050273,2004.1748895160688,1987.817792627942,2008.7549903451652,3341.4053779047013,2008.3059883745061,2011.4548192488444,2032.0874328400075,0.0,0.0,0.0,0.0,0.0,7,12,12,6,0,0,4,7,14,15,8,-1,-1,-1,-1,-1,16268.220000000001,0.0
59.5,0.3,0.2,0.2,13.699999999999998,0.20000000000000004,50.3,100.0,50.60000000000001,46.4,0.3,46.1,96.50000000000001,0.3,50.5,84.40000000000002,3326.3107869032224,2018.6794039934452,0.0,2011.075039344481,2009.0470085134555,2018.4315939558414,2009.3164495911715,3341.3204237497207,2007.6489282307407,0.0,2012.1333491177866,2035.4860942392206,0.0,0.0,0.0,0.0,7,11,12,6,0,9,15,7,14,15,8,12,-1,-1,-1,-1,16460.280000000002,1022.2414719999999
50.6,28.9,38.2,0.2,0.2,45.9,50.3,7.3,50.5,98.0,48.6,50.5,50.7,0.3,8.0,50.39999999999999,2009.2941904226284,1994.6113858789456,2013.8769853699716,2022.3499705436625,2014.845919398455,2001.967224976181,2010.5450036893142,2146.3619537149334,2021.670985357413,2181.4384090896947,2032.1411027640956,2020.7624073184259,0.0,0.0,0.0,0.0,2,11,9,6,0,9,15,10,1,5,8,12,-1,-1,-1,-1,16192.169999999998,0.0
48.1,50.4,94.4,46.9,0.2,0.20000000000000004,50.3,45.099999999999994,3.6999999999999997,67.0,1.9,50.5,50.7,0.3,0.2,50.39999999999999,0.0,2014.5572620142138,2002.389197658439,2020.5426840952175,0.0,0.0,2022.6549463969047,2094.137381024151,2025.6918920012674,0.0,2267.1909603518106,2004.640273767171,2011.3667279466786,0.0,0.0,0.0,2,11,9,6,0,9,15,2,1,5,7,12,3,-1,-1,-1,15606.48,755.29142975
0.2,50.3,5.0,50.7,0.2,49.9,50.39999999999999,45.4,0.20000000000000004,67.2,0.3,50.5,50.6,0.3,0.2,50.39999999999999,2008.8080490956913,2018.0375142225519,0.0,2038.6050260265297,0.0,0.0,2018.2468179061723,2206.994233133878,2222.6770373728727,0.0,2276.040298354788,2014.7055103096613,2012.1250762935358,0.0,0.0,0.0,9,11,9,6,-1,-1,15,5,1,-1,7,12,3,-1,-1,-1,14872.32,85.89598699999999
0.2,45.599999999999994,44.5,2.1,0.2,0.20000000000000004,5.0,45.5,0.20000000000000004,3.1000000000000005,0.3,50.6,50.6,47.7,51.2,1.0,2020.3301394089724,2019.6989723033237,0.0,0.0,0.0,0.0,2006.6370070797493,0.0,2267.849992174522,0.0,2281.8790579927086,2015.8184954918554,0.0,0.0,0.0,0.0,13,11,14,6,-1,-1,2,0,1,-1,7,12,3,-1,-1,-1,14742.18,-15939251734.112421
0.2,52.0,5.7,88.4,34.3,0.20000000000000004,0.19999999999999996,8.4,0.20000000000000004,89.00000000000001,0.3,32.4,34.900000000000006,48.50000000000001,0.2,0.3,0.0,0.0,2003.4610827768506,2004.0116155697926,2229.1830762219092,0.0,2004.5882049781067,0.0,2026.0164628900789,0.0,2020.5708870709732,0.0,0.0,0.0,0.0,0.0,13,11,9,3,1,-1,3,-1,9,-1,4,12,-1,-1,-1,-1,14557.14,1421.577258
0.2,48.3,0.2,100.0,50.8,0.20000000000000004,29.000000000000004,0.2,0.20000000000000004,99.29999999999998,0.3,0.2,0.2,0.4,0.2,0.3,2015.5027413310777,0.0,2014.5539289732758,2005.5843699011148,2247.777460639289,0.0,1981.943949635198,0.0,1986.364994954453,0.0,2008.4491713545303,0.0,0.0,0.0,0.0,0.0,9,-1,6,3,1,-1,3,-1,9,-1,4,-1,-1,-1,-1,-1,14496.570000000002,0.0
0.2,48.2,0.2,55.300000000000004,50.8,0.20000000000000004,50.3,0.2,49.3,74.0,0.3,0.2,0.2,0.4,0.2,0.3,0.0,2003.498493418142,2028.4299529277237,0.0,2537.921441035241,0.0,1998.410737312674,0.0,2020.8557374435115,0.0,2008.7195919648993,0.0,0.0,0.0,0.0,0.0,9,8,6,3,1,-1,3,-1,9,-1,4,-1,-1,-1,-1,-1,15164.52,64.36492199999999
0.2,3.8,0.2,4.3,50.9,0.20000000000000004,50.3,49.2,50.5,50.4,52.5,0.2,0.2,96.6,0.2,0.3,1985.6198306684435,2018.9677054159379,2236.5127856928198,2009.4290988722214,2253.1399745333506,0.0,1987.4279918098227,0.0,1998.0403221998088,0.0,2247.5682536908175,0.0,0.0,0.0,0.0,0.0,13,8,6,7,10,-1,13,-1,9,-1,4,-1,-1,-1,-1,-1,14705.939999999999,0.0
74.3,0.3,0.2,0.2,47.7,0.20000000000000004,44.9,8.600000000000001,6.5,50.4,11.8,0.3,52.1,50.89999999999999,0.2,0.2,2162.7294949647658,0.0,2256.5783526963623,1999.3691687181072,0.0,2003.4329975478533,2007.983641061296,0.0,2017.362147267192,0.0,2276.6465590661264,0.0,0.0,0.0,0.0,0.0,12,8,6,0,10,0,13,-1,9,-1,4,-1,-1,-1,-1,-1,14255.91,159.449966
56.7,0.20000000000000004,69.9,0.2,23.0,17.7,5.8,0.2,29.100000000000005,11.899999999999999,0.3,86.6,7.6,8.9,0.2,0.3,0.0,2018.4996749381796,1995.9578012585418,2008.290974424441,0.0,2003.553858766646,1985.8517788228792,0.0,2007.9780421429602,0.0,2018.76180899225,0.0,0.0,0.0,0.0,0.0,12,11,2,0,-1,11,2,-1,8,-1,5,-1,-1,-1,-1,-1,14991.57,316.762181
9.7,0.3,100.0,29.599999999999998,0.2,44.0,44.2,0.2,50.5,0.3,0.3,49.50000000000001,0.2,0.4,47.199999999999996,0.3,2008.3247327004638,2255.2075703054925,1993.844605960184,2009.1624491050666,0.0,2014.5372068717943,1999.5027893970096,0.0,2003.8657635301759,0.0,2015.9057601572674,0.0,0.0,0.0,0.0,0.0,11,6,2,5,-1,14,2,-1,8,-1,3,-1,-1,-1,-1,-1,14690.91,0.0
0.2,0.3,55.900000000000006,93.4,0.2,7.3999999999999995,95.60000000000001,0.2,4.6,44.0,0.3,1.4000000000000001,0.3,40.3,37.2,0.2,3338.3466741458237,3362.0506385784533,2016.66375154071,2019.3701356954489,1150.2036431485847,0.0,1092.0338435001781,0.0,2022.392359372068,0.0,1211.1619141408669,0.0,0.0,0.0,0.0,0.0,6,6,2,13,3,14,3,-1,9,-1,3,-1,-1,-1,-1,-1,15123.330000000002,809.146123
0.2,0.20000000000000004,50.3,99.1,0.2,0.20000000000000004,61.6,0.2,34.5,50.3,49.89999999999999,0.2,27.599999999999998,50.4,0.2,0.3,2020.2066104481512,2283.068890678852,2010.3457051533717,2013.6982742603057,1287.9674955760966,2007.5648288960833,2007.4562478946018,1119.130452219618,2021.0626291340295,0.0,1868.5306285850443,0.0,0.0,0.0,0.0,0.0,12,6,2,13,3,10,8,3,9,-1,3,-1,-1,-1,-1,-1,15443.55,0.0
0.2,0.3,50.2,63.79999999999999,28.7,0.20000000000000004,86.69999999999999,0.2,50.5,50.3,50.4,0.2,50.5,50.4,0.2,0.2,2016.1470866846846,3345.6337975083106,2263.3903384939044,2001.788244845072,0.0,2011.537715922178,2023.6712410154514,3208.7648276685754,2016.7644706809317,2009.4819679995212,2018.8538338856704,0.0,0.0,0.0,0.0,0.0,12,6,2,13,3,10,8,6,9,3,4,-1,-1,-1,-1,-1,15295.11,96.271568
0.2,0.20000000000000004,20.2,93.6,50.8,32.6,92.8,0.2,50.5,9.700000000000001,0.3,0.2,50.5,50.4,0.2,0.3,2016.4053036148723,0.0,0.0,2026.3046023907439,2001.239405480187,0.0,1997.8862761597452,2694.1444115147146,2002.296338461012,2002.668947869026,2004.4599520732966,0.0,0.0,0.0,0.0,0.0,12,6,2,13,3,10,8,6,5,3,4,-1,-1,-1,-1,-1,15045.69,409.2097263333333
0.2,0.20000000000000004,0.2,60.4,52.0,43.5,1.9,49.3,50.5,39.4,33.8,52.300000000000004,8.6,6.7,0.2,0.3,2004.8285270814338,2106.1735905613973,0.0,2002.185112296222,2125.425015325598,0.0,2010.1711642877126,0.0,2024.3966774381913,0.0,2255.0749639946225,0.0,0.0,0.0,0.0,0.0,5,3,-1,9,11,-1,8,7,10,3,4,-1,-1,-1,-1,-1,14665.500000000002,449.173081
28.7,0.3,0.2,15.0,46.699999999999996,50.7,0.19999999999999996,0.2,9.800000000000002,50.3,56.50000000000001,0.8,0.2,50.3,33.9,0.3,2006.5334959424292,0.0,1976.4550624934188,2008.3080411956203,2140.8008181069767,0.0,2027.833386908775,0.0,2012.7748241227735,0.0,2243.3907549517407,0.0,0.0,0.0,0.0,0.0,5,3,13,9,10,-1,0,-1,14,-1,4,-1,-1,-1,-1,-1,15720.21,49.190166000000005
50.6,0.3,44.7,0.2,46.10000000000001,50.7,0.3,0.2,51.4,50.3,1.6,0.2,53.1,99.5,33.4,0.3,2002.0158981062018,1989.4445371527024,1959.6482671759668,2026.5098630475252,2107.1127764991356,2117.299956660448,2009.978742514943,2017.7048904435628,2292.954843404629,0.0,2024.4662032327687,0.0,0.0,0.0,0.0,0.0,5,13,13,9,8,12,0,2,4,-1,14,-1,-1,-1,-1,-1,15413.07,0.0
93.09999999999998,0.20000000000000004,7.7,0.2,47.1,50.7,0.19999999999999996,0.2,8.8,50.3,0.3,46.8,5.8,94.3,50.5,0.3,2012.6336374912303,0.0,2012.5351193685115,2032.7314817067263,0.0,0.0,2015.3402082129694,2016.0591186386505,2265.5194313125157,2002.726023827151,2007.0693247096578,0.0,0.0,0.0,0.0,0.0,5,13,13,9,8,12,0,11,4,0,14,-1,-1,-1,-1,-1,15277.89,381.2145123333333
56.99999999999999,0.3,0.2,0.3,93.30000000000001,50.29999999999999,0.19999999999999996,0.2,51.7,50.3,0.2,42.0,0.2,50.4,50.4,0.3,2260.1189732673206,0.0,2007.31023043126,2008.4339286077668,0.0,0.0,1997.7453353387994,0.0,3445.2939008985645,3245.0569280667023,2022.735530286137,0.0,0.0,0.0,0.0,0.0,5,8,13,9,-1,-1,0,11,4,4,14,-1,-1,-1,-1,-1,14719.050000000001,413.95178050000004
13.799999999999999,0.20000000000000004,7.3999999999999995,0.2,79.6,14.6,0.19999999999999996,48.3,0.20000000000000004,50.3,0.3,0.2,49.8,1.3,50.5,46.60000000000001,0.0,2018.0620503556524,2017.6238012338245,2017.779671402121,0.0,0.0,2022.905452973591,0.0,2008.6508255492806,2269.1441852755156,2010.7748691054583,0.0,0.0,0.0,0.0,0.0,5,12,7,9,-1,-1,15,-1,2,4,14,-1,-1,-1,-1,-1,15367.050000000001,980.920003
0.2,0.3,51.7,43.7,48.00000000000001,0.20000000000000004,0.19999999999999996,38.7,40.400000000000006,8.0,47.0,0.2,2.1999999999999997,0.3,96.9,50.39999999999999,2029.266778792959,2007.1682445428075,2018.3563602287488,2014.4352638343782,1995.2298806575525,0.0,2019.1177396062599,0.0,2016.8563574818018,2255.154867244711,2004.890958438009,0.0,0.0,0.0,0.0,0.0,2,10,3,7,14,-1,15,-1,8,4,14,-1,-1,-1,-1,-1,14794.650000000001,0.0
0.2,41.79999999999999,42.3,76.5,46.900000000000006,0.20000000000000004,44.39999999999999,9.499999999999998,3.9999999999999996,0.3,86.3,0.2,0.2,0.3,4.1,6.0,0.0,2014.779202270779,2006.2956260551293,1999.9479233367354,0.0,2005.1244354441744,2010.878367575776,0.0,2017.250438266017,2242.118643213161,0.0,0.0,0.0,0.0,0.0,0.0,2,10,1,3,14,3,10,-1,6,4,14,-1,-1,-1,-1,-1,14597.7,4657.452673000001
0.2,75.9,0.2,20.0,1.8000000000000003,45.8,50.3,0.2,0.20000000000000004,0.3,100.0,0.2,0.2,0.3,49.7,0.3,1993.6474032926358,0.0,1985.3347276192858,2000.5266993595214,0.0,2213.607646636552,1985.866646132559,0.0,2002.3890038974923,2020.2921753775722,0.0,0.0,0.0,0.0,0.0,0.0,10,10,1,1,-1,5,10,-1,6,14,-1,-1,-1,-1,-1,-1,15021.119999999999,290.609106
0.2,58.60000000000001,0.2,0.2,0.2,3.3999999999999995,52.0,92.19999999999999,0.20000000000000004,0.3,53.19999999999999,46.8,0.2,71.00000000000001,48.7,0.2,2007.6665446367801,2018.3709254906332,2014.0698068548609,2029.954813317373,2011.8000030779885,2002.2834994224852,2014.7761641914446,0.0,2012.248549893356,2014.2286191272995,0.0,0.0,0.0,0.0,0.0,0.0,10,11,13,1,6,7,14,-1,13,7,-1,-1,-1,-1,-1,-1,15090.240000000002,0.0
0.2,13.999999999999998,0.2,0.2,0.2,0.10000000000000002,89.5,54.400000000000006,0.20000000000000004,45.0,3.3000000000000003,78.4,0.2,99.99999999999999,50.5,0.3,2018.1225919719386,2015.0642799495802,2002.420848335469,2016.8822544632137,0.0,0.0,2004.7108050311463,2274.100454525362,1992.4905966285403,0.0,0.0,0.0,0.0,0.0,0.0,0.0,9,11,13,11,6,7,14,6,13,7,-1,-1,-1,-1,-1,-1,14552.91,681.4509029999999
0.2,0.3,72.7,23.2,44.60000000000001,0.20000000000000004,21.9,0.2,19.0,70.0,0.3,57.599999999999994,36.8,17.5,1.4000000000000001,0.3,2002.74473108077,2000.1667720071566,2007.951188254809,2009.2314337451776,2026.406065409863,1975.5295089445895,2037.8435280894703,2008.0704608464284,2028.3444344199609,0.0,0.0,0.0,0.0,0.0,0.0,0.0,2,9,3,11,9,2,4,8,12,-1,-1,-1,-1,-1,-1,-1,15606.96,0.0
0.2,0.3,53.89999999999999,14.199999999999996,50.9,0.20000000000000004,0.19999999999999996,0.2,54.800000000000004,54.50000000000001,77.6,50.5,50.5,45.0,0.2,46.0,2270.4671656216924,2009.8768253275382,2004.421384366778,2029.659388764787,2008.2616221540115,2133.332449627642,1993.9708890534823,2008.1771154224434,2019.1485499937103,2001.2113192945028,0.0,0.0,0.0,0.0,0.0,0.0,2,9,10,11,13,8,4,15,12,10,-1,-1,-1,-1,-1,-1,15458.19,0.0
0.2,0.3,3.6999999999999997,46.5,47.29999999999999,52.2,0.19999999999999996,0.2,11.8,50.3,52.800000000000004,50.5,10.0,50.3,48.0,8.6,0.0,2035.745786368134,2016.6665167029175,2008.0332001521988,2023.0960593057569,0.0,2243.5559128105465,2009.3960105294166,2018.3733474287967,2015.59030353326,2008.1318248782018,0.0,0.0,0.0,0.0,0.0,2,9,10,11,13,8,4,5,5,14,3,-1,-1,-1,-1,-1,15094.41,459.546156
0.2,40.9,0.2,8.2,88.2,13.099999999999998,0.19999999999999996,33.79999999999999,0.20000000000000004,3.3999999999999995,9.7,50.5,91.1,50.4,30.3,0.3,1443.803153828297,1495.95762208625,2008.4811556209045,2017.9407503755929,2010.7846834542568,0.0,3377.6450879191093,1289.5968245904166,3416.515283028826,0.0,2021.5956427366546,0.0,0.0,0.0,0.0,0.0,12,12,7,11,13,-1,4,12,4,14,1,-1,-1,-1,-1,-1,15644.25,445.935064
0.2,50.4,39.5,0.2,100.0,0.20000000000000004,0.19999999999999996,50.5,47.599999999999994,41.0,0.3,39.900000000000006,77.4,50.4,0.2,0.3,0.0,1998.7975517712903,2008.311652953536,0.0,1994.1574352870637,2022.6126021215969,3320.6484645157493,2004.5682810106562,3320.4662635909453,2013.566501486846,2022.6423204020684,0.0,0.0,0.0,0.0,0.0,12,9,7,11,13,2,4,12,4,8,1,-1,-1,-1,-1,-1,15423.210000000001,1373.8858424999999
0.2,0.5,48.9,0.2,99.9,32.6,0.19999999999999996,50.5,48.6,50.3,0.3,0.2,9.4,50.4,50.3,0.2,2008.909765514916,2021.9631033304772,2020.8791458648186,0.0,2012.1045134568737,2246.7698709169135,1994.4513984096961,2018.163298777819,2027.3778939013594,0.0,0.0,0.0,0.0,0.0,0.0,0.0,14,9,7,-1,13,2,4,5,4,8,1,-1,-1,-1,-1,-1,14993.07,255.665673
27.699999999999996,0.3,44.800000000000004,46.300000000000004,65.3,50.7,0.19999999999999996,9.6,0.20000000000000004,50.3,27.999999999999996,0.2,47.89999999999999,21.4,1.2,0.3,2008.8325688266864,2002.391431456356,2013.4932600172042,2014.7135355656822,0.0,2306.162404859404,2277.576573766094,2022.7664014827317,2009.606165154859,0.0,0.0,0.0,0.0,0.0,0.0,0.0,12,9,0,3,13,2,4,5,10,-1,-1,-1,-1,-1,-1,-1,15282.780000000002,395.470647
67.7,40.7,22.9,6.4,46.900000000000006,50.7,0.19999999999999996,0.2,0.20000000000000004,99.00000000000001,2.9000000000000004,0.2,43.8,48.50000000000001,0.2,0.2,0.0,1951.4302679613816,1965.409998538115,2017.4443598190278,2007.6895306595623,2015.8990491022475,2261.803189546405,2008.4192798593742,2016.9230893653723,0.0,0.0,0.0,0.0,0.0,0.0,0.0,12,9,0,13,9,0,4,5,1,-1,-1,-1,-1,-1,-1,-1,16251.39,555.193009
55.99999999999999,50.4,0.2,0.2,75.70000000000002,7.8,7.9,0.2,35.2,98.70000000000002,49.1,0.2,48.699999999999996,35.89999999999999,42.1,97.1,1971.3548927998222,1877.591851335408,2016.4167797949026,0.0,2347.6728981108226,2018.2316893606205,2012.5927680763562,2012.3710521813275,1997.1178175895961,2010.9901543718402,1996.8093320035305,0.0,1992.6230128405493,0.0,0.0,0.0,15,9,0,13,4,10,6,8,1,12,15,14,9,-1,-1,-1,15245.55,356.14455799999996
50.6,50.4,70.4,0.2,48.7,0.20000000000000004,9.2,0.2,50.5,19.400000000000002,50.4,0.2,85.2,0.3,0.2,10.0,2003.7743464073644,2014.4703962042577,2006.3998817712695,3310.715678681595,2317.1740146625552,2007.3496796394932,3259.700492714883,2018.7588560391296,2017.4041194583751,0.0,0.0,0.0,0.0,0.0,0.0,0.0,12,12,0,2,4,10,2,8,1,12,15,-1,9,-1,-1,-1,16191.150000000001,73.333865
46.1,92.5,84.3,0.2,44.60000000000001,0.20000000000000004,0.19999999999999996,0.2,98.1,0.3,50.4,0.2,100.0,10.0,50.3,0.2,1685.6037694043825,1579.8782412511935,0.0,2317.31120725667,0.0,2002.349208846172,2028.409569824805,2012.2969053878842,1883.9900078491962,2016.1432862018833,2001.3592051965318,2002.8589039347455,1104.5263420273575,0.0,0.0,0.0,12,12,0,2,4,10,13,8,1,14,8,1,12,-1,-1,-1,15409.529999999999,1625.6811865
0.2,64.3,43.10000000000001,0.2,0.2,69.9,37.0,30.099999999999998,54.89999999999999,44.50000000000001,50.4,0.2,84.2,5.9,1.3,0.2,1992.6646279168033,2012.9686058129853,2914.66279285251,0.0,2028.4577197576614,2018.9125610211331,2039.155330025358,2021.9459730116123,2020.5947272157607,2014.997105741396,0.0,2004.4250627712772,0.0,0.0,0.0,0.0,5,12,2,6,9,10,6,8,1,5,8,7,12,-1,-1,-1,15467.04,-21252342037.605984
0.2,9.800000000000002,47.6,43.3,0.2,54.300000000000004,59.8,34.9,7.300000000000001,31.1,16.6,0.2,8.7,80.89999999999999,44.00000000000001,33.7,2010.416719489074,1344.3703785417517,2398.7219325777355,2243.636574094233,2016.5046469513902,2018.2026662934136,2029.2426663634565,1395.4542853207395,1315.1201664740618,2017.398115782383,0.0,2006.2221754767115,0.0,0.0,0.0,0.0,5,13,2,15,3,7,9,13,13,6,-1,14,-1,-1,-1,-1,15905.1,0.0
0.2,44.2,66.0,50.7,0.2,47.3,33.5,50.5,0.20000000000000004,50.4,0.3,0.2,0.2,99.20000000000002,50.5,25.699999999999996,2266.238397334548,2277.2240835806356,0.0,0.0,2017.9931577522823,1993.3881780021138,2026.575396476642,2005.6771511336174,1992.7769979742477,0.0,2007.993318921032,2007.5099048598793,0.0,0.0,0.0,0.0,5,2,2,15,3,7,9,13,13,6,1,14,-1,-1,-1,-1,15517.41,371.6441913333333
